area,short names,1990,1991,1992,1993,1994,1995,1996,1997,1998,1999,2000,2001,2002,2003,2004,2005,2006,2007,2008,2009,2010,2011,2012,2013,2014,2015,2016,2017,2018,2019
AFG,value_added_Agr,42.41,46.4,54.21,61.3,72.89,66.35,64.01,62.42,60.72,58.67,57.29,54.06,45.13,41.9,35.61,35.15,34.39,35.27,30.9,32.79,30.91,29.83,28.56,27.88,27.48,25.53,25.74,26.42,22.04,25.77
AGO,value_added_Agr,17.88,24.18,14.32,11.56,6.65,7.27,7.03,9.02,12.91,6.29,5.67,8.16,5.84,6.2,6.25,5.06,5.19,5.24,4.81,6.62,6.18,5.85,6.07,6.51,7.55,9.12,9.83,10.02,8.61,6.66
ALB,value_added_Agr,41.66,44,56.17,56.6,56.6,56.55,36.41,31.54,28.79,25.92,24.52,22.72,22.03,21.98,20.54,18.85,17.71,17.15,16.84,16.79,17.96,18.23,18.77,19.57,19.99,19.78,19.85,19.02,18.43,18.39
AND,value_added_Agr,0.4,0.41,0.4,0.39,0.37,0.45,0.43,0.35,0.36,0.25,0.52,0.44,0.39,0.42,0.41,0.38,0.35,0.37,0.41,0.42,0.47,0.49,0.6,0.59,0.54,0.51,0.52,0.56,0.55,0.52
ARE,value_added_Agr,0.94,1.16,1.23,1.32,1.63,1.59,1.6,1.79,1.95,2.08,2.02,2,1.97,1.72,1.49,1.24,0.98,0.87,0.74,0.92,0.76,0.67,0.64,0.64,0.64,0.74,0.78,0.77,0.72,0.75
ARG,value_added_Agr,7.04,5.95,5.19,4.45,4.41,4.64,4.86,4.53,4.55,3.86,4.06,3.96,8.85,8.95,8.36,7.94,6.94,7.45,7.32,5.27,7.13,7,5.78,6.05,6.71,5.16,6.26,5.23,5.3,6.09
ARM,value_added_Agr,15.97,23.56,28.3,48.84,40.72,38.12,32.6,27.57,28.9,25.26,21.76,24,22,20.18,21.21,17.89,17.53,17.09,15.28,15.84,15.95,19.07,17.91,18.43,18.07,17.22,16.39,14.99,13.94,11.53
ATG,value_added_Agr,1.78,1.78,1.8,1.75,1.58,1.64,1.62,1.72,1.67,1.67,1.68,1.67,1.76,1.78,1.65,1.77,1.66,1.62,1.55,1.49,1.63,1.93,1.9,2.02,1.66,1.61,1.57,1.79,1.74,1.73
AUS,value_added_Agr,3.18,3.05,3.26,3.34,3.02,3.39,3.24,3.03,3.06,3.12,3.51,3.96,2.89,3.07,2.89,2.74,2.21,2.35,2.3,2.21,2.29,2.27,2.29,2.22,2.37,2.4,2.7,2.45,2.11,2
AUT,value_added_Agr,3.1,2.81,2.45,2.2,2.37,2.16,1.98,1.91,1.79,1.72,1.65,1.67,1.56,1.49,1.48,1.26,1.3,1.42,1.34,1.15,1.27,1.4,1.35,1.25,1.2,1.13,1.11,1.21,1.13,1.09
AZE,value_added_Agr,27.1,31.1,26.59,27.4,32.59,25.34,24.96,20.13,18.15,18.4,16.09,14.84,13.95,12.43,10.99,9.15,7.09,6.54,5.57,6.12,5.54,5.08,5.14,5.37,5.32,6.18,5.61,5.61,5.21,5.7
BDI,value_added_Agr,51.16,49.66,48.16,46.44,40.74,42.02,49.89,48.44,42.13,40.57,36,35.62,36.47,31.84,48.7,40.85,40.64,34.93,38,36.85,38.43,36.7,35.51,38.37,34.96,35.25,35.56,37.4,35.35,34.13
BEL,value_added_Agr,2,1.99,1.82,1.7,1.59,1.31,1.33,1.34,1.26,1.08,1.18,1.11,1.03,1.03,1.02,0.84,0.91,0.89,0.71,0.65,0.77,0.65,0.78,0.68,0.64,0.69,0.63,0.67,0.6,0.67
BEN,value_added_Agr,34.65,35.04,33.94,34.12,21.95,21.45,23.14,23.19,23.71,23.18,22.89,22.95,23.87,22.81,24.76,24.71,25.24,24.28,23.97,23.77,22.74,22.88,22.47,21.56,21.91,26.39,27.75,28.49,28.06,26.88
BFA,value_added_Agr,23.01,24.53,23.73,24.89,27.13,27.35,29.96,27.78,30.11,27.25,24.91,26.92,26.37,25.96,23.38,26.77,25.23,21.84,27.31,23.2,24.14,23.04,23.76,23.64,23.69,22.63,21.71,20.59,23.07,20.17
BGD,value_added_Agr,30.35,29.68,28.39,25.28,24.73,25.33,24.64,24.73,24.48,25.25,24.62,23.28,21.93,20.98,20.18,19.32,18.03,17.81,17.6,17.1,17,16.81,16.18,15.49,15.35,14.78,14.05,13.41,13.07,12.68
BGR,value_added_Agr,19.22,14.66,11.07,9.46,10.95,9.22,9.59,20.48,13.41,12.96,10.97,10.6,9.71,9.1,8.45,7.28,6.1,4.65,5.87,4.24,4.03,4.66,4.43,4.52,4.56,4.06,4.05,4.04,3.38,3.24
BHR,value_added_Agr,0.73,0.71,0.77,0.79,0.72,0.74,0.8,0.73,0.78,0.74,0.64,0.63,0.57,0.53,0.39,0.32,0.27,0.29,0.26,0.34,0.3,0.29,0.28,0.27,0.3,0.32,0.33,0.29,0.29,0.28
BHS,value_added_Agr,1.47,1.88,1.77,1.63,1.78,1.88,1.6,1.56,1.38,1.27,1.34,1.2,1.51,1.35,1.16,1.06,1.17,1.09,1.04,0.91,1.1,1.09,1.07,0.93,0.84,0.81,0.87,0.78,0.67,0.52
BIH,value_added_Agr,18.9,18.87,18.66,19.17,18.76,18.06,20.7,17.52,15.96,12.85,9,9.12,8.87,8.11,8.58,8.3,8.05,7.7,7.21,7.08,6.8,6.76,6.14,6.84,5.95,6.24,6.37,5.6,5.89,5.6
BLR,value_added_Agr,22.1,19.67,21.79,16.66,13.2,15.31,14.66,13.03,11.71,12.33,11.91,10.1,9.77,8.28,8.45,8.27,8.33,8.06,8.42,8.13,8.89,8,8.13,6.81,7.3,6.28,6.9,7.57,6.59,6.79
BLZ,value_added_Agr,16.37,14.82,15.39,14.55,14.58,15.43,15.29,14.93,14.27,15.06,14.65,13.11,12.7,14.49,14.34,13.37,12.81,11.6,11.11,11.22,11.57,11.6,13.35,13.69,13.65,12.9,11.09,11.12,9.56,8.94
BOL,value_added_Agr,15.35,15.54,14.4,14.65,15.24,14.86,14.18,14.92,12.63,13.26,12.97,13.26,12.96,13.43,13.32,11.79,10.94,10.01,10.44,11.15,10.39,9.77,9.81,9.97,9.74,10.24,11.17,11.59,11.48,12.22
BRA,value_added_Agr,9.99,10.11,6.86,6.78,8.72,4.86,4.68,4.6,4.71,4.6,4.68,4.95,5.5,6.16,5.67,4.65,4.37,4.42,4.57,4.48,4.12,4.34,4.17,4.51,4.33,4.32,4.89,4.6,4.42,4.19
BRB,value_added_Agr,3.39,3.45,3.41,3.21,2.42,3.11,3.24,2.59,1.94,2.27,1.94,2.06,1.83,1.92,1.59,1.54,1.45,1.31,1.18,1.41,1.3,1.23,1.33,1.42,1.35,1.31,1.29,1.3,1.43,1.31
BRN,value_added_Agr,0.93,0.99,0.93,1.04,1.16,1.12,1.08,1.19,1.37,1.19,0.99,1.09,1.05,1.18,1.09,0.91,0.68,0.67,0.61,0.88,0.73,0.57,0.66,0.68,0.86,1.1,1.2,1.09,1.02,0.99
BTN,value_added_Agr,37.14,34.82,35.39,33.06,34.62,32.02,31.05,31.05,30.04,27.71,26.8,25.57,25.52,24.39,23.98,20.2,19.36,16.74,16.38,16.19,14.78,14.3,13.96,14.09,14.51,14.44,14.39,15.03,15.99,15.82
BWA,value_added_Agr,4.18,4.04,4.26,4.16,3.76,4.64,3.69,3.54,3.17,2.99,2.79,2.59,2.43,2.72,2.26,1.83,2.05,2.24,2.53,2.82,2.49,2.51,2.7,2.3,2.09,2.2,2.05,1.99,1.99,1.95
CAF,value_added_Agr,37.61,35.77,36.5,36.43,35.57,36.61,41.68,42.72,42.82,40.14,41.13,42.4,42.29,45.09,43.71,42.96,41.42,40.75,40.36,38.33,37.36,37.57,36.81,32.26,33.99,31.53,31.92,32.79,31.24,31.98
CAN,value_added_Agr,2.66,2.54,2.53,2.6,2.55,2.7,2.79,2.14,2.17,2.19,2.09,2.12,1.99,2.05,2.17,1.88,1.7,1.59,1.77,1.55,1.49,1.77,1.81,1.89,1.59,1.87,1.86,1.89,1.7,1.82
CHE,value_added_Agr,1.97,1.84,1.7,1.56,1.45,1.4,1.22,1.24,1.17,1.09,1.05,0.92,0.93,0.83,0.93,0.81,0.75,0.77,0.78,0.72,0.66,0.67,0.63,0.66,0.7,0.62,0.65,0.62,0.64,0.63
CHL,value_added_Agr,6.15,6.91,6.87,6,5.6,5.23,5.02,4.95,5.07,5.17,5.09,4.48,4.77,4.5,4.08,4.13,3.88,3.71,3.71,3.74,3.62,3.67,3.3,3.38,3.73,3.64,3.99,3.98,3.55,3.61
CHN,value_added_Agr,26.82,24.28,21.57,19.52,19.68,19.78,19.52,18.12,17.39,16.31,14.9,14.23,13.59,12.65,13.23,11.97,10.96,10.6,10.56,10.11,9.83,9.73,9.72,9.61,8.93,8.69,8.37,7.77,7.35,7.46
CIV,value_added_Agr,29.52,30.28,29.07,27.96,25.26,24.5,24.9,23.11,23.94,22.34,23.84,25.93,27.27,28.78,23.59,22.59,22.63,22,22.68,21.2,23.67,24.53,19.95,18.19,17.62,18.36,19.74,18.74,20.55,20.67
CMR,value_added_Agr,15.32,15.68,15.88,14.41,16.75,16.48,16.18,16.91,17.31,16.7,15.14,15.13,15.13,14.9,14.03,14.08,13.24,13.18,13.1,13.66,14.07,13.48,13.72,13.9,14.23,14.77,14.54,14.37,14.42,14.51
COD,value_added_Agr,30.56,41.38,49.02,51.31,56.54,56.54,33.26,47.5,46.5,52.37,31.97,32.87,26.58,26.05,23.88,21.58,21.21,21.6,22.62,23.67,21.43,20.92,20.44,19.32,18.56,18.37,19.27,19.89,19.16,19.97
COG,value_added_Agr,14.85,12.42,14.01,13.67,12.48,12.7,10.92,11.11,13.33,10.16,6.45,7.05,7.61,7.63,6.7,5.53,4.81,4.92,4.25,5.38,3.88,3.79,3.8,4.26,4.57,5.99,7.04,7.46,7.03,7.18
COK,value_added_Agr,5.37,5.25,4.47,4.48,4.43,4.62,5.36,5.7,6.98,7.13,6.3,4.86,4.54,5.43,4.16,4.27,3.39,2.93,3.23,2.79,3.12,2.97,3.22,3.29,3.26,2.86,2.65,2.92,2.67,2.46
COL,value_added_Agr,11.02,11.55,10.5,9.36,9.28,8.77,7.99,7.89,8.28,8.13,8.09,8.11,8.29,8.11,7.71,7.53,7.19,6.93,6.69,6.69,6.32,6.09,5.58,5.39,5.45,5.98,6.61,6.39,6.23,6.39
COM,value_added_Agr,29.13,29.44,29.33,29.03,27.65,30.36,30.36,30.36,30.36,30.36,35.94,35.94,36.11,36.11,36.11,36.23,36.19,28.96,29.14,30.03,30.42,30.79,30.17,30.79,30.01,30.6,31.37,31.9,33.72,35.69
CPV,value_added_Agr,16.99,15.82,13.93,16.3,15.16,16.11,14.68,13.77,12.89,16.06,15.27,13.53,12.27,12.02,11.69,10.67,9.86,8.52,7.75,8.32,7.99,7.84,8.45,8.28,8.02,8.74,8,6.74,5.29,4.63
CRI,value_added_Agr,10.88,11.94,11.9,11.83,12.32,12.76,12.1,12.5,12.62,11.11,9.25,8.38,8.43,8.84,8.85,8.62,8.43,7.92,6.98,7.05,6.49,5.6,5.13,4.78,4.89,4.75,4.91,4.7,4.35,4.15
CUB,value_added_Agr,12.03,11.79,11.46,8.83,7.29,6.35,7.13,7.19,6.12,6.12,6.6,6.38,5.95,5.75,5.47,4.36,3.41,3.91,3.82,3.93,3.61,3.6,3.85,3.92,3.94,3.84,3.94,3.8,3.78,3.49
CYP,value_added_Agr,6.58,5.94,5.49,5.38,4.67,4.78,4.58,3.92,4.33,3.9,3.65,3.86,3.79,3.35,3.08,2.74,2.28,2.02,2.09,1.99,2.06,2.15,2.01,2.04,1.85,1.87,2.15,1.86,1.73,1.81
CZE,value_added_Agr,7.13,5.35,4.19,4.43,4.28,4.04,3.89,3.49,3.51,3.22,3.25,3.2,2.66,2.44,2.42,2.28,2.16,2.09,1.92,1.76,1.54,1.98,2.25,2.36,2.41,2.21,2.09,2.06,1.94,1.86
DEU,value_added_Agr,1.2,1.1,1.01,0.96,0.98,1,1.04,1.03,0.98,0.96,0.99,1.08,0.9,0.83,0.95,0.73,0.74,0.78,0.84,0.7,0.8,0.91,0.85,0.94,0.9,0.68,0.7,0.82,0.66,0.72
DJI,value_added_Agr,2.65,2.77,2.88,3.03,3.06,2.77,3.04,3.14,3.16,3.11,3.12,3.13,3.13,3.12,3.16,3.19,3.2,3.63,3.49,3.24,2.56,1.92,1.49,1.19,1.18,1.16,1.28,1.43,1.26,1.27
DMA,value_added_Agr,16.34,15.68,14.82,14.16,14.41,12.17,12.97,12.54,12.07,12.14,11.91,11.3,10.84,11.04,11.2,11.49,10.5,10.45,11.56,12.55,11.47,12.5,12.02,13.98,13.45,14.05,16.27,13.43,11.02,11.98
DNK,value_added_Agr,3.29,3.03,2.79,2.69,2.6,2.85,2.79,2.64,2.14,1.94,2.15,2.34,1.78,1.61,1.62,1.15,1.17,1.17,0.86,0.83,1.2,1.31,1.65,1.3,1.38,0.96,0.96,1.3,1.03,1.22
DOM,value_added_Agr,12.84,13.29,12.31,11.03,10.14,9.81,9.19,9.14,8.99,7.82,6.72,7,6.81,6.69,7.02,7.21,6.86,6.51,6.34,6.14,6.06,5.64,5.4,5.3,5.19,5.48,5.51,5.34,5.15,5.23
DZA,value_added_Agr,11.46,10.25,12.1,11.16,9.91,9.93,10.95,8.84,11.62,11.25,8.5,9.79,9.31,9.81,9.44,7.69,7.54,7.57,6.59,9.34,8.47,8.11,8.77,9.85,10.29,11.58,12.22,11.76,11.84,12.38
ECU,value_added_Agr,20.52,20.86,18.92,23.4,22.15,21.91,20.75,20.11,17.48,17.57,15.4,12.66,11.23,10.84,9.69,9.48,9.41,9.36,8.97,9.91,9.73,9.6,8.64,8.77,9.13,9.45,9.52,9.33,8.95,8.8
EGY,value_added_Agr,18.05,16.18,15.18,16.08,16.06,16.05,13.76,13.32,13.84,13.71,12.99,11.99,11.73,12.3,13.16,13.65,13.24,13.42,12.63,13,13.34,13.87,11.27,11.27,11.34,11.39,11.77,11.49,11.22,11.05
ERI,value_added_Agr,23.23,22.9,27.35,19.44,21.91,18.81,16.23,15.13,23.39,21.6,14.05,16.46,10.42,11.83,10.64,22.6,24.6,24.26,16.78,14.53,18.39,16.43,16.48,16.98,16.96,17.49,17.93,17.46,17.63,17.67
ESP,value_added_Agr,4.78,4.47,3.93,4.2,4.15,3.88,4.39,4.3,4.15,3.82,3.75,3.68,3.49,3.43,3.13,2.77,2.41,2.51,2.37,2.27,2.43,2.37,2.41,2.62,2.54,2.74,2.83,2.79,2.76,2.59
EST,value_added_Agr,15.67,16.16,6.78,5.41,4.97,4.13,4.13,4.09,5.05,3.63,3.89,3.49,3.55,3.46,3.62,3.29,3.14,3.93,3.4,2.47,3.17,3.68,3.32,3.09,3.16,2.86,2.11,2.39,2.22,2.51
ETH,value_added_Agr,49.49,58.67,63.83,59.95,52.7,51.92,51.17,52.85,48.18,45.36,45.62,43.39,39.4,37.97,39.39,41.93,43.3,43.04,46.01,46.72,42.21,41.25,44.33,41.24,38.52,36.06,34.7,33.78,31.22,33.63
EUU,value_added_Agr,3.35,3.01,2.74,2.59,2.59,2.55,2.57,2.53,2.4,2.26,2.21,2.23,2.07,2,2.01,1.77,1.67,1.71,1.66,1.52,1.64,1.72,1.7,1.74,1.7,1.63,1.59,1.69,1.6,1.58
FIN,value_added_Agr,5.4,4.83,4.28,4.37,4.19,3.8,3.45,3.42,2.9,2.89,2.95,2.76,2.67,2.54,2.38,2.28,2,2.38,2.21,2.25,2.42,2.32,2.31,2.37,2.4,2.25,2.31,2.32,2.39,2.46
FJI,value_added_Agr,17.61,17.91,17.23,16.68,17.57,16.68,17.12,14.3,13.89,15.85,14.46,12.49,12.78,12,11.82,11.93,12.12,12.34,10.57,9.93,9.13,9.23,9.68,10.11,8.1,7.87,10.66,10.53,10.91,11.85
FRA,value_added_Agr,3.14,2.61,2.59,2.3,2.4,2.44,2.4,2.34,2.36,2.24,2.1,2.11,2.01,1.85,1.82,1.68,1.52,1.61,1.52,1.32,1.6,1.65,1.63,1.46,1.56,1.61,1.44,1.54,1.65,1.52
FSM,value_added_Agr,23.57,23.53,23.62,23.55,23.42,23.89,23.35,23.01,25.37,23.68,24.15,23.21,23.39,23.31,21.93,22.39,22.35,24.98,26.2,25.03,24.75,26.37,28.11,26.41,24.9,26.2,27.17,27.63,22.51,22.51
GAB,value_added_Agr,6.74,6.4,6.93,7.12,7.63,6.74,5.96,6.04,5.87,6.16,5.19,5.42,5.61,5.84,5.4,4.98,4.91,4.96,4.23,5.04,3.91,3.43,3.35,3.33,3.62,4.31,4.97,5.26,5.44,5.55
GBR,value_added_Agr,1.31,1.28,1.27,1.28,1.33,1.26,1.1,0.97,0.97,0.88,0.85,0.78,0.92,0.87,0.76,0.55,0.6,0.56,0.68,0.68,0.6,0.69,0.64,0.64,0.75,0.63,0.57,0.59,0.58,0.61
GEO,value_added_Agr,29.9,26.68,54.76,80.95,78.75,48.66,38.49,31.94,30.47,28.7,23.92,24.34,22.34,22.41,19.04,17.15,13,10.68,9.44,9.41,8.45,9.13,8.18,8.62,8.53,7.81,7.3,6.24,6.76,6.5
GHA,value_added_Agr,32.54,32.93,32.02,28.34,29,29.76,29.9,27.46,27.64,27.46,27.07,27.05,26.98,28.05,29.13,28.74,27.34,25.77,27.77,29.27,26.48,22.35,20.9,20.37,19.58,19.98,20.84,19.56,18.14,17.32
GIN,value_added_Agr,21.53,19.9,17,16,22.66,27.59,27.28,24.09,23.7,23.22,21.82,21.93,21.63,13.48,15.12,14.44,15.58,16.82,15.98,16.36,17.48,16.07,16.83,17.55,17.52,18.48,17.59,20.53,22.33,24.19
GMB,value_added_Agr,23.4,21.31,20.33,20.19,22.56,25.06,21.06,24.15,22.53,28.17,28.78,29.83,28.31,31.38,31.5,32.09,25.6,23.57,29.78,31.73,35.19,27.2,27.39,26.22,22.46,22.21,21.86,21,19.87,20
GNB,value_added_Agr,44.6,44.73,47.83,52.84,52.26,51.8,54.25,40.09,41.05,43.28,42.31,38.48,42.54,42.35,41.99,44.36,42.26,43.18,46.67,44,45.09,45.02,46.89,44.14,41.13,46.79,46.35,49.16,33.44,33.09
GNQ,value_added_Agr,12.8,12.45,10.91,10.38,10.8,11.27,8.04,5.05,4.51,4.12,5.61,3.8,2.95,2.72,2.34,1.53,1.52,1.37,0.89,1.06,1.06,1.05,1.06,1.19,1.29,1.89,2.33,2.32,2.26,2.43
GRC,value_added_Agr,7.94,8.74,7.71,7.32,7.77,7.38,6.58,6.24,5.97,5.78,5.44,5.2,4.99,5,4.28,4.28,3.2,3.04,2.81,2.8,2.99,3.11,3.44,3.38,3.58,3.86,3.52,3.86,3.64,3.78
GRD,value_added_Agr,10.15,10.52,9.3,8.89,8.52,8.59,7.18,6.64,6.42,6.62,5.16,5.37,6.29,5.87,5.01,2.97,3.89,3.56,3.77,4.63,4.51,4.45,4.83,4.84,6.1,7.43,6.21,5.37,5.21,4.68
GTM,value_added_Agr,15.58,15.5,15.22,14.97,14.74,14.54,14.48,14.29,14.11,13.88,13.74,13.58,13.58,12.91,12.53,12.07,10.97,11.15,10.86,11.35,10.77,10.79,10.28,10.36,10.07,9.97,9.66,9.7,9.46,9.43
GUY,value_added_Agr,30.04,33.27,36.67,30.31,31.32,34.2,31.43,30.53,28.34,29.97,25.37,27.04,30.4,34.38,36.26,34.63,34,30.38,31.73,29.42,28.53,25.68,25.44,25.65,24.59,25.44,20.39,22.76,19.54,17.6
HND,value_added_Agr,20.45,19.95,17.9,18.12,21.4,19.18,19.7,20.41,16.71,13.95,14.37,13.17,12.18,11.61,12.17,12.47,11.86,11.91,12.15,10.83,11.59,14.22,13.57,12.19,12.54,12.22,12.05,12.67,11.61,10.75
HRV,value_added_Agr,6.49,6.54,8.83,7.82,6.3,5.63,5.58,5.23,5.31,5.39,4.96,4.96,4.84,3.94,4.42,3.87,3.99,3.7,3.9,4.01,3.67,3.65,3.3,3.46,2.95,2.97,3.07,2.9,2.96,2.87
HTI,value_added_Agr,27.91,27.47,30.7,27.17,29.26,19.89,16.12,16.85,16.77,17.51,17.2,16.38,15.54,16.35,15.6,17.58,17.7,19.08,18.52,18.42,20.22,20.04,19.47,19.23,17.81,17.24,18.09,18.9,18.65,19.49
HUN,value_added_Agr,11.22,8.96,7.41,6.67,6.9,7.18,7.26,6.32,6.04,5.31,4.93,4.91,4.26,3.9,4.35,3.72,3.53,3.49,3.45,3.06,3.03,3.99,3.89,3.92,3.93,3.79,3.89,3.75,3.49,3.34
IDN,value_added_Agr,16.03,15.07,15.42,14.76,14.27,14.15,13.76,13.29,14.93,16.19,14.22,13.94,14.09,13.84,13.07,11.97,11.83,12.5,13.2,13.94,13.93,13.51,13.37,13.36,13.34,13.49,13.48,13.16,12.81,12.71
IND,value_added_Agr,27.03,27.44,26.68,26.87,26.39,24.45,25.28,24.36,24.28,22.6,21.08,21.16,19.04,19.14,17.81,17.62,16.81,16.75,16.79,16.74,17.03,17.19,16.85,17.15,16.79,16.17,16.36,16.56,15.97,16.68
IRL,value_added_Agr,7.09,6.55,6.9,6.57,6.21,5.58,4.69,3.91,3.48,2.57,2.5,1.99,1.74,1.48,1.57,1.03,0.92,1.04,0.85,0.56,0.95,1.21,0.99,1.09,1.25,0.9,0.95,1.18,0.89,0.9
IRN,value_added_Agr,12.49,12.01,12.05,10.4,10.55,12.61,9.96,9.22,10.91,9.27,8.62,7.91,7.39,7.09,6.89,6.35,6.8,6.71,5.59,6.18,5.67,4.64,6.8,8.77,9.38,10.09,9.78,9.83,11.22,13.75
IRQ,value_added_Agr,21.79,33.37,15.77,15.29,16.1,15.72,13.97,9.31,9.7,6.07,4.11,6,7.36,8.65,6.94,6.89,5.83,4.93,3.85,5.23,5.16,4.56,4.12,4.77,4.93,4.19,3.98,2.98,2.82,3.75
ISL,value_added_Agr,9.58,9.89,9.62,9.56,9.08,9.37,9.15,8.05,8.13,7.63,7,7.48,7.51,6.44,5.32,4.75,4.78,4.16,4.8,5.64,6.29,6.6,6.56,5.86,5.28,5.31,4.58,3.78,3.92,4.38
ISR,value_added_Agr,2.64,2.12,2.24,1.89,1.96,1.75,1.61,1.52,1.69,1.47,1.28,1.48,1.53,1.43,1.37,1.6,1.54,1.48,1.53,1.81,1.54,1.56,1.26,1.25,1.17,1.19,1.21,1.16,1.12,1.08
ITA,value_added_Agr,3.18,3.24,3.12,3.01,2.99,2.98,2.97,2.86,2.77,2.72,2.56,2.49,2.37,2.36,2.35,2.03,1.95,1.9,1.87,1.8,1.78,1.88,1.97,2.14,2,2.07,1.93,1.97,1.95,1.91
JAM,value_added_Agr,5.85,6.04,7.69,7.65,8.51,8.6,8,7.63,7.17,6.68,6.23,6.12,5.54,5.21,4.98,5.19,5.16,4.62,4.9,5.47,5.27,5.65,5.77,5.97,5.97,6.31,6.6,6.63,6.59,7.02
JOR,value_added_Agr,8.4,8.93,8.13,6.1,5.27,4.39,3.85,3.44,3.07,2.39,2.4,2.33,2.61,2.93,2.97,3.29,3.08,3.01,2.88,3.24,3.58,3.51,3.31,3.58,3.97,4.39,4.51,4.76,4.84,4.91
JPN,value_added_Agr,2.29,2.14,2.04,1.88,1.89,1.65,1.65,1.53,1.6,1.58,1.52,1.37,1.38,1.3,1.23,1.11,1.08,1.05,1.05,1.08,1.11,1.08,1.12,1.07,1,1.03,1.12,1.13,1.05,1.01
KAZ,value_added_Agr,34.02,29.47,23.1,16.44,14.95,12.33,12.15,11.41,8.57,9.89,8.11,8.72,8,7.86,7.12,6.37,5.5,5.66,5.32,6.15,4.51,4.99,4.29,4.5,4.33,4.71,4.56,4.52,4.4,4.47
KEN,value_added_Agr,15.59,14.44,14.35,15.16,14.8,16.45,15.61,15.72,15.74,16.34,16.32,15.48,14.37,14.34,13.85,13.47,13.23,13.28,14.31,15.06,16.01,16.96,16.86,17.05,17.7,19.47,20.03,20.89,20.31,21.17
KGZ,value_added_Agr,32.94,35.45,37.53,39.1,38.36,40.67,46.31,41.18,36.05,34.87,34.18,34.53,34.4,33.61,29.9,28.48,28.67,26.87,23.48,18.76,17.45,16.57,16.65,14.64,14.72,14.06,12.83,12.51,11.68,11.67
KHM,value_added_Agr,50.94,45.67,43.74,46.36,47.23,49.4,44.46,44.45,44.48,40.9,35.92,34.32,31.13,31.97,29.39,30.71,30.06,29.7,32.75,33.49,33.88,34.56,33.56,31.14,28.74,26.58,24.74,23.36,22.01,20.71
KIR,value_added_Agr,7.33,8.87,37.15,35.23,34.59,34.22,31.6,29.28,27.3,26.81,21.49,22.6,21.82,22.49,22.99,20.29,22.04,23.17,24.69,26.61,24.19,25.22,24.41,23.12,23.99,21.68,26.34,30.49,25.35,25.5
KNA,value_added_Agr,3.5,3.79,3.98,3.85,3.23,2.9,2.78,3.05,2.26,1.75,1.55,1.74,1.79,1.78,1.78,1.66,1.19,1.16,1.27,1.16,1.3,1.37,1.31,1.19,1.07,1.03,0.91,1.11,1.15,1.4
KOR,value_added_Agr,7.61,6.82,6.61,5.91,5.66,5.33,4.96,4.48,4.23,4.25,3.86,3.57,3.21,2.96,2.96,2.62,2.5,2.28,2.14,2.24,2.14,2.21,2.19,2.1,2.06,2,1.86,1.85,1.75,1.67
KWT,value_added_Agr,0.88,0.29,0.26,0.29,0.42,0.43,0.39,0.39,0.44,0.43,0.35,0.45,0.52,0.46,0.4,0.3,0.23,0.21,0.16,0.26,0.45,0.44,0.36,0.35,0.45,0.54,0.52,0.53,0.45,0.38
LAO,value_added_Agr,44.6,42.19,42.89,41.56,42.3,40.2,38.86,49.78,32.44,32.93,32.2,31.36,30.78,29.57,28.03,26.27,25.59,23.83,22.96,23.31,22.02,20.81,18.55,17.93,17.85,17.59,17.23,16.2,15.71,16.05
LBN,value_added_Agr,3.69,3.03,4.39,4.4,5.03,5.26,4.91,4.61,4.28,4.39,4.56,4.27,4.1,3.9,3.82,3.58,4.47,4.89,4.52,3.95,3.86,3.8,3.76,3.95,4.02,3.37,2.87,2.92,3.22,3.08
LBR,value_added_Agr,50.42,51.57,47.55,46.66,48.62,75.89,73.74,66.24,67.41,66.83,67.05,75.29,76.33,76.44,71.54,57.2,54.57,54.37,53.13,57.4,49.46,48.44,55.82,64.98,79.69,59.52,64.42,64.17,64.49,67.66
LBY,value_added_Agr,7.58,7.56,7.61,7.91,7.32,7.48,7.46,7.85,9.46,8.81,6.92,6.4,4.47,3.63,2.72,2.08,1.52,1.54,1.38,2.16,1.8,3.05,1.82,2.42,3.53,4.4,4.62,3.94,3.68,4.73
LCA,value_added_Agr,10.02,8.77,9.27,7.72,6.64,6.62,5.84,4.74,5.57,4.9,5,4.14,4.59,3.89,3.72,2.9,2.98,2.91,3.59,3.65,2.7,2.34,2.37,2.63,2.22,2.16,2.08,1.65,1.79,2.11
LIE,value_added_Agr,1.9,1.76,1.62,1.49,1.38,1.36,1.17,1.18,0.21,0.18,0.17,0.15,0.15,0.14,0.16,0.13,0.12,0.12,0.13,0.13,0.11,0.12,0.11,0.12,0.12,0.11,0.12,0.13,0.14,0.13
LKA,value_added_Agr,14.75,14.28,13.57,13.37,12.9,12.06,11.82,11.47,11.17,11.21,10.41,9.96,9.47,8.77,8.32,7.84,7.52,7.75,8.87,8.42,8.5,8.83,7.45,7.67,8.01,8.18,7.43,7.83,8.02,7.54
LSO,value_added_Agr,11.48,6.92,8.47,8.02,8.35,8.68,7.59,6.61,8.07,8.42,7.69,8.27,6.46,6.3,6.06,5.7,5.04,4.89,4.9,5.5,4.86,4.54,4.9,5.06,3.96,3.78,5.67,4.96,4.32,4.36
LTU,value_added_Agr,25.3,14.7,12.36,13.15,9.57,9.88,10.94,9.42,7.66,6.38,5.59,4.87,4.78,4.42,4.17,4.33,3.86,3.48,3.28,2.54,3.02,3.49,3.98,3.54,3.42,3.42,3.11,3.51,2.88,3.22
LUX,value_added_Agr,1.31,0.96,1.01,0.96,0.9,0.93,0.81,0.71,0.78,0.71,0.6,0.56,0.69,0.46,0.54,0.36,0.31,0.36,0.31,0.23,0.27,0.25,0.29,0.26,0.29,0.22,0.21,0.23,0.23,0.22
LVA,value_added_Agr,20.78,22.08,16.17,10.51,8.24,7.84,6.76,4.97,3.82,3.66,4.47,4.41,4.5,3.94,4.2,3.72,3.26,3.28,2.95,3.21,4.06,3.69,3.45,3.17,3.54,3.49,3.26,3.55,3.59,4
MAR,value_added_Agr,16.48,18.7,14.32,13.67,17.25,13.6,17.96,14.37,16.02,13.83,11.87,13.13,13.13,13.85,13.11,11.78,13.54,10.86,11.96,13.03,12.94,13.12,12.33,13.39,11.66,12.63,12,12.36,12.22,12.15
MDA,value_added_Agr,30.58,28.7,32.2,28.94,25.29,27.13,25.47,24.06,23.88,23.06,23.55,20.78,19.48,16.99,16.3,15.2,13.44,9.25,8.17,7.87,11.16,11.38,10.45,11.55,12.22,11.51,11.4,11.47,10.27,10.17
MDG,value_added_Agr,34,35.44,35.65,36.82,42.6,35.48,34.48,33.95,32.71,31.96,30.8,29.95,34.72,31.15,30.47,29.89,29.24,28.07,27.05,30.47,29.08,29.05,28,26.49,25.85,25.74,25.13,24.55,23.97,22.96
MDV,value_added_Agr,8.59,8.52,7.83,7.3,7,6.6,6.24,5.83,5.82,5.67,5.41,6.19,6.01,5.31,5.58,7.73,6.6,6.17,6.88,5.42,5.63,5.39,5.19,5.41,5.31,5.56,5.68,5.35,5.24,4.61
MEX,value_added_Agr,6.88,6.6,5.87,5.1,4.62,4.42,4.87,4.45,4.16,3.68,3.32,3.4,3.28,3.39,3.34,3.07,3.08,3.18,3.16,3.24,3.22,3.09,3.17,3.14,3.13,3.19,3.35,3.38,3.38,3.4
MHL,value_added_Agr,8.88,9.12,8.74,8.43,10.05,9.27,8.6,8.52,7.38,7.82,8.07,7.43,6.46,6.88,7.24,7.2,7.15,7.45,8.5,9.77,11.61,13.28,17.84,16.29,11.06,12,12.58,15.31,16.52,20.14
MKD,value_added_Agr,7.78,10.22,13.38,9.4,10.98,11.02,11.08,11.02,11.47,11.11,10.1,9.74,10.17,11.54,11.55,9.74,8.99,8.93,11.44,10.37,10.12,9.35,9.1,10.03,10.18,9.73,9.17,7.87,8.47,8.05
MLI,value_added_Agr,43.7,45.97,41.78,43.16,39.06,37.34,36.41,35.45,34.84,34.98,32.4,32.33,32.18,29.27,29.41,31.38,28.93,30.29,32.07,31.26,32.33,34.06,37.53,36.19,36.79,37.23,36.87,36.89,37.1,36.81
MLT,value_added_Agr,2.83,2.68,2.48,2.47,2.3,2.26,2.26,2.23,2.36,2.19,1.87,2.2,2.13,1.96,1.9,1.84,1.87,1.83,1.06,1.44,1.27,0.99,1.06,1.07,1,0.92,0.95,0.65,0.7,0.47
MMR,value_added_Agr,59.78,61.49,63.75,64.77,63.03,61.75,61.41,59.82,59.4,58.33,57,55.37,52.14,49.17,47.2,44.97,43.47,41.53,39.02,37.34,34.42,31.42,29.96,28.56,27.2,26.73,24.92,23,21.35,20.93
MNE,value_added_Agr,10.97,10.97,10.97,10.97,10.98,10.97,10.95,11.01,10.94,10.91,11.2,10.71,10.82,9.82,9.17,8.68,8.21,7.23,7.44,8.27,7.68,8.07,7.45,8.04,8.1,8.06,7.47,6.85,6.73,6.39
MNG,value_added_Agr,9.28,8.95,20.71,20.5,22.29,26.71,31.71,26.48,26.33,25.85,22.51,18.76,15.21,14.65,16.31,16.27,14.59,15.27,15.81,14.78,11.73,10.31,11.26,13.41,13.34,13.36,11.69,10.28,10.79,10.8
MOZ,value_added_Agr,34.1,34.44,30.13,33.44,30.52,31.65,30.94,30.26,27.22,22.94,19.1,18.25,22.8,22.71,22.38,22.77,23.9,23.77,26.42,27.48,26.85,25.75,24.91,23.5,23.93,22.92,22.85,25.04,24.57,24.21
MRT,value_added_Agr,33.98,33.95,33.02,31.94,31.58,30.75,29.43,27.11,25.94,26.28,24.83,24.87,24.23,24.18,22.92,20.07,16.61,18.43,18.56,19.18,16.73,14.52,16.09,16.28,18.81,20.63,21.74,22.72,23.33,21.68
MUS,value_added_Agr,9.84,9.12,9.05,8.21,7.74,8.23,8.18,7.5,7.34,4.79,5.46,5.89,4.97,4.96,5.05,4.77,4.91,4.38,4.07,3.88,3.64,3.7,3.66,3.38,3.26,3.15,3.19,3.1,2.78,2.9
MWI,value_added_Agr,44.44,46.43,37.2,49.91,24.05,29.5,34.8,32.61,35.65,37.83,39.28,38.84,38.82,36.22,34.71,32.91,30.87,27.51,29.98,30.43,29.61,27.94,28.22,27.4,26.62,24.77,23.41,22.93,21.64,22.99
MYS,value_added_Agr,15.22,14.36,14.57,13.79,13.66,12.95,11.68,11.1,13.31,10.84,8.6,8.01,8.99,9.31,9.27,8.26,8.61,9.99,9.97,9.22,10.09,11.45,9.79,9.11,8.87,8.29,8.46,8.6,7.51,7.26
NAM,value_added_Agr,9.07,9.99,7.09,7.5,10.21,9.53,9.43,8.62,8.69,8.88,10.98,9.9,10.26,10.46,9.12,10.58,9.85,8.55,7.63,8.25,8.58,8.23,8.05,7.82,8.14,6.65,6.72,7.68,7.77,7.07
NER,value_added_Agr,29.46,31.17,32.45,32.74,30.81,31.01,31.81,30.8,36.29,36.5,34.5,38.14,38.99,39.06,35.65,37.6,38.1,37.13,38.75,35.21,37.01,34.54,34.86,33,33.7,32.42,35.26,35.82,37.66,36.91
NGA,value_added_Agr,21.56,20.89,20.32,23.49,25.17,25.49,26.2,27.42,27.91,26.03,21.36,24.48,36.97,33.83,27.23,26.09,24.73,24.66,25.28,26.75,23.89,22.23,21.86,20.76,19.99,20.63,20.98,20.85,21.2,21.91
NIC,value_added_Agr,17.66,17.16,17.49,17.52,19.1,20.2,21.5,20.04,19.27,17.07,17.84,16.88,16.5,15.69,16.04,16.21,15.9,16.46,16.26,16.07,16.98,18.88,17.61,16.49,16.71,16.11,14.92,15,15.32,15.43
NLD,value_added_Agr,4.01,3.9,3.64,3.19,3.21,3.1,2.88,2.97,2.56,2.33,2.3,2.22,2.08,2.06,1.87,1.86,1.95,1.82,1.64,1.55,1.78,1.58,1.66,1.79,1.74,1.72,1.77,1.86,1.65,1.64
NOR,value_added_Agr,2.98,2.91,2.63,2.61,2.6,2.59,2.23,2.06,2.26,2.05,1.82,1.59,1.52,1.31,1.39,1.4,1.4,1.24,1.13,1.3,1.57,1.34,1.13,1.32,1.44,1.54,2.09,1.98,1.86,1.93
NPL,value_added_Agr,46.83,44.14,41.83,39.23,38.81,37.47,37.36,37.22,35.88,37.14,36.7,35.25,35.69,34.21,33.36,32.12,30.34,28.84,27.68,28.25,29.54,30.74,30.08,28.62,27.46,26.52,25.52,23.7,22.33,21.58
NRU,value_added_Agr,7.07,7.51,6.79,6.41,6.74,6.94,6.68,6.69,6.39,4.95,5.67,7.22,8.4,7.8,7.22,7.78,7.77,9.27,5.25,4.07,4.38,3.07,2.23,2.52,2.36,2.37,2.41,2.38,2.39,2.39
NZL,value_added_Agr,5.99,6.89,6.72,7.34,6.53,6.45,6.44,6.08,5.95,6.28,7.75,7.98,5.85,5.73,5.37,4.52,4.98,6.07,5.01,5.75,6.59,6.28,5.52,7.03,4.78,4.47,5.55,5.91,5.66,5.65
OMN,value_added_Agr,2.7,2.75,2.44,2.5,2.65,2.9,2.62,2.74,3.21,2.95,2.24,2.33,2.32,2.21,1.94,1.62,1.4,1.38,1.12,1.48,1.42,1.26,1.16,1.31,1.28,1.99,2.28,2.27,2.12,2.35
PAK,value_added_Agr,25.41,25.26,25.81,24.61,25.25,25.8,25.55,26.97,27.87,27.72,27.29,25.38,24.58,24.56,23.34,22.86,21.61,21.8,22.5,22.72,23.28,25.13,23.71,23.83,23.74,23.82,23.22,22.93,22.86,22.04
PAN,value_added_Agr,8.26,7.83,7.08,6.74,6.61,6.63,6.58,6.46,6.57,6.16,6.44,6.89,6.83,7.02,6.58,6.15,5.79,4.85,4.49,3.79,3.61,3.23,3.05,2.94,2.85,2.79,2.6,2.38,2.25,2.17
PER,value_added_Agr,7.33,7.91,7.86,8.34,8.46,8.04,8.5,8.05,8.38,8.26,8.07,7.89,7.52,7.31,6.93,6.85,6.6,6.71,7.16,7.4,6.83,7.1,6.73,6.67,6.8,7.05,6.94,6.78,6.86,6.75
PHL,value_added_Agr,19.16,18.34,19.11,18.91,19.26,18.93,18.01,16.45,14.75,15.19,13.94,13.3,13.45,13.15,13.98,13.52,13.36,13.61,14.52,14.54,13.75,14.1,13.1,12.47,12.27,11,10.21,10.18,9.65,8.82
PLW,value_added_Agr,26.19,28.25,29.31,16.84,12.09,8.94,5.82,4.25,3.92,5.02,5.29,4.32,4.22,4.36,3.9,3.82,4.2,3.69,3.96,3.99,3.86,3.82,3.67,3.69,3.31,2.94,2.96,3.19,3.15,3.12
PNG,value_added_Agr,18.38,16.48,15.84,17.84,21.52,21.88,20.48,22.67,21.8,22.17,21.98,22.27,24.14,23.56,21.88,21.52,20.4,19.61,20.17,21.64,19.61,19.2,19.27,19.26,17.69,17.46,17.87,17.65,16.97,17.5
POL,value_added_Agr,7.11,5.75,5.77,5.82,5.33,5.58,5.17,4.5,3.88,3.25,3.13,3.25,2.73,2.61,3.29,2.92,2.69,3.05,2.59,2.56,2.86,3.09,2.91,3.09,2.85,2.37,2.54,2.87,2.34,2.32
PRK,value_added_Agr,27.43,27.97,28.52,27.92,29.5,27.62,28.96,28.93,29.63,31.42,30.38,30.36,30.22,27.23,26.75,25.01,23.3,21.22,21.56,20.93,20.83,23.05,23.38,22.39,21.84,21.65,21.69,22.83,23.28,21.24
PRT,value_added_Agr,7.72,7.02,5.71,5.52,5.12,4.8,4.59,3.83,3.54,3.29,3.11,2.96,2.72,2.65,2.6,2.3,2.25,2,1.96,1.95,1.94,1.83,1.92,2.1,2.08,2.1,2.07,2.1,2.04,2.09
PRY,value_added_Agr,15.26,14.59,13.46,13.46,13.04,13.12,13,11.68,11.14,11.12,10.74,10.31,8.85,10.77,11.89,11.45,11.14,12.34,13.42,9.95,13.01,13.8,10.04,12.86,11.77,9.44,10.7,10.18,9.95,9.67
PSE,value_added_Agr,12.44,12.54,12.35,12.25,13.26,11.82,13.02,11.42,11.71,10.65,9.68,8.47,8.03,6.98,11.14,8.99,11.39,8.93,10.13,10.02,9,8.34,8.11,7.6,7.84,7.41,7.6,7.04,7.36,7.05
QAT,value_added_Agr,0.78,0.95,0.97,1.08,1.05,0.98,0.88,0.71,0.69,0.58,0.37,0.38,0.26,0.23,0.18,0.13,0.12,0.11,0.12,0.12,0.12,0.1,0.09,0.1,0.12,0.16,0.18,0.21,0.22,0.23
ROU,value_added_Agr,20.03,17.33,17.48,19.27,18.26,18.16,17.54,17.51,14.38,12.65,10.85,13.15,11.34,11.91,12.71,8.49,7.82,5.5,6.3,6.12,5,6.25,4.68,5.38,4.71,4.19,4.07,4.31,4.33,4.12
RUS,value_added_Agr,,13.52,7.28,7.55,6.11,6.55,6.45,5.78,5.02,6.33,5.54,5.65,5.53,5.45,4.86,4.22,3.82,3.74,3.72,4.05,3.31,3.15,2.93,2.99,3.36,3.87,3.84,3.55,3.39,3.5
RWA,value_added_Agr,40.42,34.93,34.24,38.02,46.67,40.88,41.48,38.55,36.57,31.53,31.14,31.8,30.16,33.04,33.89,33.8,30.04,26.07,24.8,25.38,24.32,23.84,24.79,24.93,24.7,24,25.17,26.35,24.62,23.54
SAU,value_added_Agr,5.71,5.43,5.61,6.07,6.15,5.89,5.41,5.37,6.16,5.68,4.92,5.17,5.08,4.5,3.9,3.22,2.95,2.77,2.32,2.85,2.64,2.17,2.08,2.16,2.23,2.62,2.69,2.53,2.22,2.23
SDN,value_added_Agr,,,,,,,,,,,,,,,,,,,46.26,38.68,41.77,31.96,34.27,30.58,32.09,31.95,24.27,22.56,21.5,20.21
SEN,value_added_Agr,17.08,16.42,16.25,16.3,16.17,17.34,17.69,17.52,17.18,15.87,16.74,16.23,13.52,15.01,13.61,14.51,12.85,11.8,13.88,15.13,15.18,12.66,13.61,13.6,13.37,14.28,14.41,14.98,14.99,14.99
SGP,value_added_Agr,0.32,0.25,0.2,0.17,0.17,0.14,0.15,0.13,0.11,0.11,0.09,0.08,0.07,0.06,0.06,0.06,0.05,0.04,0.04,0.04,0.04,0.03,0.03,0.03,0.03,0.03,0.03,0.03,0.03,0.03
SLB,value_added_Agr,39.71,37.16,38.42,37.05,37.55,42.17,38.87,39.2,35.25,33.54,32.66,23.97,29.78,35.65,35.37,31.09,30.61,30.8,31.59,30.57,32.67,33.1,33.64,33.56,34.76,33.24,34.47,33.26,31.46,32.26
SLE,value_added_Agr,45.67,46.08,46.06,45.58,46.23,45.34,46.38,47.68,46.73,47.08,46.02,45.14,46.21,46.36,48.49,49.39,50.29,52.18,53.65,55.26,52.94,54.59,50.59,47.98,51.79,58.76,57.75,60.28,58.93,54.34
SLV,value_added_Agr,16.01,15.79,12.97,12.73,12.46,11.53,10.85,10.91,9.47,7.93,7.17,6.69,5.82,5.49,5.73,6.17,6.05,6.99,7.09,6.67,6.98,7.33,6.51,5.61,5.87,5.53,5.73,5.39,5.13,4.87
SMR,value_added_Agr,0.04,0.04,0.04,0.04,0.04,0.04,0.04,0.04,0.03,0.04,0.03,0.03,0.03,0.03,0.03,0.03,0.02,0.02,0.02,0.02,0.02,0.02,0.02,0.02,0.03,0.02,0.01,0.02,0.02,0.02
SOM,value_added_Agr,70.48,65.42,63.28,62.92,63.16,62.28,62.28,62.28,62.28,58.38,54.73,53.99,53.27,53.27,53.3,52.78,52.81,52.96,52.85,52.87,52.9,52.87,52.88,52.88,52.88,52.88,52.88,52.88,52.88,52.88
SRB,value_added_Agr,16.94,16.96,16.82,17.05,16.99,16.42,17.75,16.81,16.54,18.42,17.07,14.65,9.77,8.09,8.53,6.74,6.82,6.12,7.44,7.2,6.6,7.45,6.43,7.41,7.07,6.71,6.81,6.01,6.34,5.95
SSD,value_added_Agr,,,,,,,,,,,,,,,,,,,3.84,5.13,5.03,4.5,4.04,4.68,4.85,4.1,3.89,2.9,2.74,3.65
STP,value_added_Agr,27.61,27.61,26.45,28.89,25.48,26.42,24.86,24.77,21.31,20.55,20.05,20.64,22.1,21.5,20.63,18.43,18.21,18.83,9.48,10.81,11.26,11.3,11.5,11.87,11.38,11.95,11.4,10.88,11.12,12.29
SUR,value_added_Agr,17.54,19.1,24.19,40.93,35.39,30.33,32.06,25.37,18.19,18.32,20.69,19.72,14.54,14.05,11.43,10.64,10.19,10.36,9.27,10.34,10.12,9.45,9.2,9.46,10.37,10.41,11.37,11.56,10.63,9.2
SVK,value_added_Agr,2.97,2.28,2.13,2.38,2.53,2.25,2.3,2.07,2.12,1.64,1.71,2.12,2.04,1.81,1.67,1.62,1.85,2.3,2.53,2.09,1.57,1.89,1.91,2.23,2.75,2.2,2.24,2.09,2.15,1.67
SVN,value_added_Agr,5.61,5.77,5.82,5.05,4.43,4.03,3.75,3.75,3.58,2.99,3.09,2.79,2.98,2.25,2.43,2.43,2.12,2.05,1.83,1.82,1.89,2.14,1.96,1.97,2.02,2.1,1.98,1.84,2.25,1.96
SWE,value_added_Agr,3.84,3.23,3.07,2.89,2.9,2.89,2.55,2.47,2.31,2.13,1.94,1.94,1.9,1.86,1.83,1.25,1.36,1.58,1.57,1.44,1.65,1.67,1.55,1.47,1.44,1.45,1.4,1.44,1.39,1.44
SWZ,value_added_Agr,8.24,10.57,8.49,6.13,8.13,7.72,8.9,8.54,8.52,8.92,12.32,12.1,12.5,12.39,9.66,10.97,11.18,10.75,10,9.25,10.16,9.72,10.2,10.12,9.24,9.36,8.96,8.43,8.52,8.45
SYC,value_added_Agr,4.48,4.64,4.69,5.15,4.98,4.96,4.53,4.73,3.67,4.5,3.81,3.73,3.81,3.48,3.46,3.25,2.98,2.75,2.57,2.26,2.26,2.27,2.04,2.67,2.37,2.05,2.01,1.88,2.03,2.24
SYR,value_added_Agr,28.29,30.68,31.71,29.01,27.84,28.2,27.72,25.77,29.39,24.35,24.73,25.5,24.86,24.66,22.43,20.29,21.46,19.46,18.76,22.8,19.74,20.43,20.99,20.39,20.6,20.66,20.55,20.6,20.6,20.59
TCD,value_added_Agr,30.94,32.8,32.3,30.2,33.83,31.89,33.97,34.9,35.19,34.68,36.99,36.61,34.45,40.16,28.34,25.76,26.83,24.5,25.1,28.86,31.22,23.76,24.38,29.52,28.24,29.07,36.33,34.05,32.44,31.12
TGO,value_added_Agr,23.89,23.13,25.04,29.96,24.36,26.58,29.43,30.54,28.32,29.65,27.33,27.99,29.05,26.9,26.6,30.63,29.34,29.28,33.45,32.36,30.71,27.72,27.14,24.65,23.23,21.5,20.39,20.31,19.8,19.66
THA,value_added_Agr,9.98,10.31,10.08,8.03,8.63,9.08,9.06,9.06,10.26,8.89,8.5,8.58,8.69,9.44,9.29,9.19,9.4,9.35,10.07,9.79,10.52,11.59,11.5,11.32,10.09,8.87,8.48,8.41,8.18,8.14
TJK,value_added_Agr,28.03,34.02,27.11,19.51,17.75,34.12,33.5,29.77,23.36,23.62,25.12,23.8,22.24,24.2,19.22,21.19,21.45,19.43,19.87,18.55,19.59,23.84,23.15,20.13,22.92,20.92,20.37,20.28,19.77,20.87
TKM,value_added_Agr,32.89,32.31,10.88,18.18,32.53,16.13,12.59,20.06,25.2,24.84,22.95,23.78,20.93,19.12,18.36,18.53,17.2,18.85,10.72,10.52,11.34,8.88,8.5,8.47,8.3,9.31,10.53,10.85,11.75,11.23
TLS,value_added_Agr,21.25,21.15,21.16,21.43,21.4,22.3,23.59,26.85,33.65,36.24,28.43,21.55,24.67,24.87,30.79,28.91,32.2,30,30.16,24.97,25.6,22.16,25.79,21.32,21.05,17.78,16.95,16.79,17.44,13.97
TON,value_added_Agr,29.31,30.54,33.07,33.03,21.54,20.7,20.31,20.21,21.26,22.38,19.64,18.29,18.11,19.16,20.25,17.76,15.77,16.71,14.74,15.51,16.44,17.05,16.64,17.11,16.36,16.87,16.62,16.81,17.06,19.62
TTO,value_added_Agr,4.34,4.21,4.2,4.08,3.55,3.32,3.2,2.99,2.59,2.65,2.11,1.9,2.07,1.39,1.05,0.91,0.73,0.66,0.56,0.78,0.69,0.65,0.64,0.72,0.74,1.04,1.12,1.2,1.03,1
TUN,value_added_Agr,13.37,14.23,13.72,12.51,10.68,9.67,11.67,11.23,10.6,10.61,10.01,9.42,8.3,9.29,9.9,9.17,9.28,8.64,7.85,8.46,7.53,8.53,9.08,8.89,9.15,10.28,9.39,9.69,10.55,10.27
TUR,value_added_Agr,12.47,10.88,10.69,11,11.03,11.2,12.03,10.32,12.45,10.46,10.03,8.79,10.19,9.8,9.33,9.17,8.09,7.46,7.42,8.07,8.97,8.17,7.69,6.68,6.56,6.87,6.14,6.04,5.78,6.4
TUV,value_added_Agr,23.02,21.73,20.83,21.19,21.2,21.61,23.74,22.65,20.07,18.86,18.77,19.1,18.09,18.31,19.33,20.92,22.8,23.25,22.32,24.29,26.72,25.58,25.46,20.28,16.64,13.31,11.06,10.73,10.27,8.36
TZA,value_added_Agr,26.08,27.07,26.79,27.32,27.25,28.53,28.75,27.83,26.94,26.84,26.24,25.75,25.41,25.36,25.93,24.36,24.84,22.96,24.58,25.78,25.48,25.09,26.48,26.71,25.71,26.63,27.31,28.57,27.68,26.48
UGA,value_added_Agr,43.31,41.52,43.69,38.53,41.21,37.32,33.41,32.87,31.7,30.74,29.66,27.56,24.97,26.75,25.69,26.71,25.17,23.05,24.07,36.87,28.08,28.02,26.12,32.16,20.87,22.5,24.17,23.05,22.82,23.76
UKR,value_added_Agr,23.59,23.75,20.12,20.78,14.06,13.29,11.8,12.08,11.64,11.46,13.95,13.98,12.6,10.5,10.44,8.88,7.24,6.28,6.54,6.91,7.45,8.2,7.82,8.79,10.15,12.06,11.73,10.19,10.14,8.97
URY,value_added_Agr,9.86,8.85,7.67,6.41,6.89,7.49,6.97,6.55,6.82,5.82,5.99,5.59,7.53,9.64,11,8.75,8.91,8.5,9.17,7.89,7.2,9.02,8.48,8.12,7.34,6.82,6.7,5.46,5.9,6.49
USA,value_added_Agr,1.52,1.4,1.43,1.32,1.36,1.2,1.35,1.27,1.1,0.96,0.96,0.94,0.88,1,1.18,0.99,0.91,1.01,0.99,0.89,0.96,1.15,1.1,1.27,1.13,0.99,0.89,0.9,0.86,0.76
UZB,value_added_Agr,27.83,31.07,29.5,23.15,54.66,44.59,35.59,44.83,42.51,46.04,47.39,47.81,48.05,45.4,42.18,42,40,37.06,31.41,29.72,28.7,31.62,30.73,29.5,30.26,30.77,30.84,30.07,27.95,25.54
VCT,value_added_Agr,14.71,12.88,13.54,10.31,7.61,9.78,8.72,6.93,7.46,7.18,7.43,6.28,6.36,5.53,5.2,5.47,5.27,5.38,5.64,5.92,6.08,6.36,6.16,6.48,6.61,6.24,6.88,6.93,7.24,7.16
VEN,value_added_Agr,5.88,5.96,5.79,5.83,5.5,5.68,4.61,4.5,4.95,4.35,3.93,4.23,3.85,4.31,3.72,3.7,3.66,3.81,4.16,5.66,5.38,5.01,5.02,4.9,5.03,4.29,6.98,8.65,2.15,2.71
VNM,value_added_Agr,38.83,40.59,34.02,29.94,27.49,27.25,27.82,25.83,25.84,25.49,24.59,23.3,23.08,22.6,20.06,19.3,18.73,18.66,20.41,19.17,18.38,19.57,19.22,17.96,17.7,16.99,16.32,15.34,14.68,13.96
VUT,value_added_Agr,23.21,20.94,21.45,25.52,24.97,28.84,28.85,29.26,26.76,25.53,23.95,24.18,24.15,22.83,23.6,22.27,20.98,20.56,20.19,19.76,20.73,22.88,25.02,24.99,25.2,21.6,20.93,21.37,21.22,21.17
WORLD,value_added_Agr,5.17,4.6,4.15,4.02,3.91,3.77,3.9,3.81,3.68,3.44,3.3,3.29,3.27,3.26,3.33,3.19,3.18,3.36,3.55,3.65,3.87,4.06,4.1,4.25,4.19,4.23,4.17,4.13,3.95,4.04
WSM,value_added_Agr,24.54,25.17,24.45,23.99,27.08,22.27,22.63,25.08,20.88,18.7,18.41,16.39,15.93,13.6,14.63,13.62,13.3,10.89,11.11,11.84,9.08,8.85,9.16,10.37,8.6,8.88,10.05,10.25,9.43,10.09
YEM,value_added_Agr,21.24,18.6,19.64,18.21,19.24,17.14,14.26,13.8,16.54,14,12.04,12.22,11.52,11.13,10.53,9.49,9.25,9.87,9.98,12.6,12.02,13.94,14.76,14.75,13.76,17.93,18.39,18.86,18.99,19.38
ZAF,value_added_Agr,4.12,4.08,3.44,3.74,4.12,3.45,3.76,3.59,3.36,3.15,2.92,3.13,3.7,3.05,2.76,2.39,2.33,2.64,2.86,2.71,2.39,2.29,2.17,2.1,2.17,2.09,2.22,2.36,2.18,1.88
ZMB,value_added_Agr,15.13,15.81,21.27,30.48,11.83,14.09,13.3,13.98,15.87,18.19,16.15,15.53,15.36,15.62,15.58,14.59,13.21,12.11,11.45,11.55,9.42,9.24,9.57,8.68,6.9,5.07,6.08,4.02,3.34,2.86
ZWE,value_added_Agr,12.11,11.06,5.51,11.22,13.95,10.93,16.62,16.73,15.49,19.38,19.34,24.51,24.82,19.61,9.38,9.51,15.81,22.39,17.6,10.74,9.61,8.67,8.04,7.14,8.75,8.28,7.87,8.34,8.3,8.17
