Country,Short Names,1990,1991,1992,1993,1994,1995,1996,1997,1998,1999,2000,2001,2002,2003,2004,2005,2006,2007,2008,2009,2010,2011,2012,2013,2014,2015,2016,2017,2018,2019,2020,2021,2022,2023,2024,2025,2026,2027,2028,2029
ARG,meat_consumption_1,2588.922,2448.667,2441.882,2507.867,2388.224,2173.938,2226.499,2285.148,2144.908,2383.908,2385.107,2342.406,2180.404,2277.857,2403.58,2379.357,2475.541,2687.746,2705.482,2715.874,2314.788,2266.864,2414.409,2655.708,2494.649,2527.844,2426.619,2484.0,2464.0,2430.0,2382.076,2401.035,2425.012,2437.017,2449.171,2462.158,2472.999,2484.348,2495.4,2506.787
AUS,meat_consumption_1,0.0,686.147,656.427,663.141,652.496,656.123,713.345,761.754,710.694,754.07,719.378,674.711,700.181,727.715,815.597,783.783,792.609,722.101,711.36,728.772,801.045,749.784,734.056,788.813,761.393,701.529,674.949,746.355,710.146,709.223,708.097,706.864,710.84,709.891,704.028,708.043,712.147,716.071,719.996,723.957
BRA,meat_consumption_1,4441.969,4480.047,4526.875,4663.653,5297.496,5996.039,6224.332,5903.084,5689.546,6142.739,6301.641,6326.587,6591.21,7712.832,7275.638,7902.987,8623.834,8354.419,7403.42,7110.986,7360.084,7309.01,7448.019,7973.897,7543.149,7293.165,7478.075,7533.468,7559.782,7593.866,7422.823,7521.843,7555.366,7619.04,7670.758,7745.202,7762.803,7770.092,7774.418,7784.403
CAN,meat_consumption_1,983.68,974.36,960.85,930.05,957.6,971.12,969.93,981.77,1002.7,1030.28,1022.99,992.56,998.37,1064.09,1032.22,1010.613,1009.173,1041.813,1022.674,985.09,990.53,977.16,998.39,999.02,977.06,907.51,952.0,958.86,975.67,941.857,947.763,945.918,942.617,939.652,938.45,935.205,932.05,930.862,929.264,927.806
CHE,meat_consumption_1,174.454,178.329,178.329,172.508,158.393,158.188,161.38,161.559,159.098,157.971,149.838,149.105,152.466,150.595,151.008,153.487,158.191,157.752,166.453,166.63,172.565,176.419,174.004,166.115,166.367,164.041,167.048,162.048,162.048,161.657,162.049,161.98,162.045,162.02,161.953,161.954,161.901,162.36,162.828,163.274
CHL,meat_consumption_1,245.329,241.618,236.37,269.71,293.038,323.359,340.588,366.935,349.254,331.723,341.398,310.086,328.07,358.746,374.294,402.396,352.717,382.094,359.767,364.325,374.144,347.028,362.875,428.119,442.921,442.557,482.422,452.611,485.34,527.0,534.711,543.809,553.072,561.963,570.422,578.469,586.269,593.86,601.627,609.356
CHN,meat_consumption_1,1074.938,1278.732,1725.372,2186.401,2676.4,3463.373,3476.646,4329.813,4726.792,5013.457,4949.386,5040.833,5196.594,5382.253,5534.334,5578.666,5646.492,6013.338,6044.516,6209.607,6231.916,6042.417,6142.148,6422.506,6440.543,6690.265,6833.547,7150.773,7377.397,8369.277,8606.817,8546.711,8472.769,8396.019,8321.715,8250.642,8286.993,8307.58,8330.168,8350.721
COL,meat_consumption_1,734.93,676.335,587.024,601.218,648.047,702.26,731.707,764.881,765.401,716.842,749.426,694.805,674.655,638.309,704.804,782.8,804.83,775.946,763.957,706.609,766.225,816.772,846.053,819.14,830.899,845.885,787.822,735.314,750.763,607.48,618.438,629.781,640.862,651.984,663.071,674.33,685.437,696.531,707.646,718.766
EGY,meat_consumption_1,402.438,466.844,466.626,529.877,556.084,544.545,573.259,637.372,654.246,690.106,768.919,654.327,815.884,775.033,803.732,906.108,1018.44,1055.449,970.683,1007.136,1115.347,1066.814,1166.142,1148.322,1203.968,1221.407,1214.015,1139.44,1096.082,1130.091,1147.099,1172.508,1195.389,1218.223,1241.302,1265.36,1287.223,1309.502,1331.575,1353.986
ETH,meat_consumption_1,231.5,231.5,230.0,230.0,229.986,234.927,266.927,269.985,273.955,290.014,294.033,303.504,352.497,338.295,336.024,350.262,373.978,363.021,380.049,354.749,419.113,409.776,337.636,340.616,380.806,390.969,388.314,391.532,390.0,392.867,400.4,409.451,418.055,426.562,435.011,443.673,452.08,460.507,468.933,477.422
GBR,meat_consumption_1,1102.267,1124.156,1086.1,927.771,940.917,983.175,813.372,862.714,853.618,855.597,892.427,899.846,983.047,999.685,1033.938,1037.45,1069.418,1090.472,1060.779,1022.208,1075.546,1062.388,1039.903,1023.414,1060.65,1094.539,1107.867,1115.878,1125.594,1100.526,1098.687,1107.076,1109.805,1104.646,1102.863,1102.817,1100.923,1099.64,1105.769,1107.066
IDN,meat_consumption_1,305.855,313.434,346.463,402.142,391.6,369.608,417.09,432.223,400.702,384.262,422.52,404.567,387.977,421.629,504.458,425.012,473.796,433.704,490.388,532.392,589.601,604.01,590.801,605.62,631.166,611.63,704.347,712.766,775.109,831.35,846.977,864.895,882.144,899.582,917.488,936.014,954.416,973.39,992.717,1012.425
IND,meat_consumption_1,2050.966,2059.275,2091.774,2080.765,2075.36,2041.208,2053.352,2044.225,2071.752,2063.095,1953.795,2004.632,1956.635,1867.213,1858.992,1779.842,1765.729,1805.257,1822.301,1897.178,1646.553,1339.879,1208.681,835.072,642.944,839.343,886.248,815.987,1089.271,1039.304,1050.979,1069.44,1083.922,1101.079,1114.054,1131.926,1147.422,1160.146,1173.833,1184.822
IRN,meat_consumption_1,345.56,291.8,285.96,325.12,316.359,308.92,386.0,386.781,389.36,327.408,310.871,341.075,375.549,374.452,419.093,397.796,480.869,510.5,460.585,468.428,601.584,559.972,498.163,497.371,535.828,567.646,604.786,632.954,661.981,675.701,688.943,704.82,719.476,733.842,747.983,762.228,775.428,788.47,801.22,813.953
ISR,meat_consumption_1,64.074,81.721,69.344,75.899,102.537,94.052,106.752,116.102,112.493,113.355,142.024,132.807,158.422,166.377,82.988,159.13,211.987,191.197,237.741,185.378,200.427,211.743,199.793,260.307,211.825,215.435,237.52,248.565,275.935,284.0,288.964,294.235,299.537,304.935,310.438,316.063,321.735,327.516,333.399,339.396
JPN,meat_consumption_1,1067.243,1142.37,1190.669,1308.383,1441.19,1517.9,1441.213,1463.358,1486.629,1486.738,1570.034,1282.592,1302.383,1276.909,1275.117,1142.902,1135.178,1171.14,1172.563,1192.209,1231.567,1233.994,1234.866,1233.086,1224.719,1150.322,1254.533,1275.113,1336.632,1366.697,1380.965,1378.735,1376.495,1357.648,1353.09,1349.406,1344.102,1339.297,1334.834,1329.991
KAZ,meat_consumption_1,710.0,724.0,593.206,651.306,614.695,515.703,439.578,364.197,344.038,340.692,314.203,299.272,307.269,327.029,346.012,372.991,405.625,436.184,446.587,431.587,433.083,443.084,436.799,450.397,459.14,468.137,472.887,498.161,520.005,523.2,531.866,539.772,548.565,559.179,566.935,574.462,581.472,588.371,595.196,601.94
KOR,meat_consumption_1,0.0,315.039,355.016,335.233,361.695,419.442,438.783,500.749,453.449,542.985,571.881,499.0,571.263,553.643,448.207,415.754,463.704,493.536,505.262,523.328,564.912,627.21,639.583,671.544,713.675,726.628,729.746,762.168,791.703,865.1,867.928,872.762,877.592,882.426,887.253,892.083,896.915,899.747,903.579,907.409
MEX,meat_consumption_1,885.416,1096.477,1165.183,1075.554,1285.064,1119.742,1321.371,1377.33,1507.122,1515.51,1524.53,1583.0,1717.57,1613.165,1553.857,1616.017,1538.146,1669.408,1776.01,1695.545,1624.429,1496.711,1516.946,1531.758,1532.06,1551.635,1609.356,1633.086,1666.224,1670.708,1652.375,1672.105,1690.816,1714.723,1742.251,1758.614,1779.542,1790.538,1801.876,1809.618
MYS,meat_consumption_1,66.578,77.073,80.092,83.564,92.372,103.367,114.913,115.326,103.485,114.855,139.217,84.334,152.202,153.57,187.123,187.122,180.469,179.425,164.9,179.895,184.207,197.777,205.341,225.84,232.616,255.592,240.699,235.761,242.468,246.9,254.005,262.691,270.986,279.258,287.312,295.112,302.919,310.37,318.027,325.629
NGA,meat_consumption_1,204.332,205.711,210.383,244.463,265.052,267.012,280.991,295.134,298.368,298.88,279.19,316.237,357.889,309.207,323.41,305.61,259.795,327.985,328.215,330.241,307.349,350.981,289.14,379.042,380.979,383.765,370.022,373.043,375.861,376.869,384.472,392.687,402.904,411.933,421.022,429.405,437.338,445.429,453.758,462.12
NOR,meat_consumption_1,76.702,79.135,80.588,82.507,89.42,87.986,90.26,90.068,92.667,89.752,92.781,89.796,90.462,93.068,94.764,96.445,92.356,94.884,98.078,93.87,90.707,94.0,97.806,99.944,92.735,104.388,105.477,103.732,98.218,97.34,99.179,100.924,102.774,103.076,103.49,103.816,104.189,104.521,104.886,105.213
NZL,meat_consumption_1,126.565,118.301,124.116,122.977,108.817,148.142,154.307,135.395,118.486,126.249,128.268,120.941,95.98,133.017,117.647,93.037,102.777,121.514,123.107,109.807,107.158,104.29,100.723,102.525,100.496,91.391,83.324,81.026,80.207,79.32,79.55,80.982,79.567,80.086,80.594,81.107,81.63,82.126,82.627,83.131
PAK,meat_consumption_1,666.745,695.753,730.875,767.64,806.913,846.77,716.795,826.816,845.903,866.759,886.0,908.0,931.0,950.996,977.485,1003.985,1305.157,1342.631,1376.185,1418.449,1461.766,1512.493,1552.379,1607.803,1650.863,1695.116,1762.41,1833.358,1850.668,1868.078,1911.622,1960.302,2007.282,2053.999,2100.232,2147.251,2193.35,2239.52,2285.737,2332.214
PER,meat_consumption_1,123.485,119.545,114.763,113.035,107.456,116.342,119.363,128.556,130.955,139.358,133.332,133.345,138.794,144.617,149.844,158.933,166.307,168.143,167.637,168.917,177.063,183.99,191.698,199.463,201.895,201.972,198.276,194.311,197.244,198.074,197.174,200.632,202.545,205.345,208.261,210.917,214.54,216.113,218.657,220.908
PHL,meat_consumption_1,138.689,139.571,148.742,160.565,180.846,211.252,239.302,281.112,281.13,345.737,375.578,358.324,378.514,379.028,409.821,377.311,377.616,428.881,432.853,402.242,426.397,413.682,405.417,401.413,438.969,437.5,462.931,473.854,480.972,486.836,490.397,501.159,511.35,521.658,531.302,542.039,552.629,563.29,573.615,584.098
PRY,meat_consumption_1,85.842,175.617,201.174,192.905,193.516,203.836,198.635,197.714,192.529,224.538,181.63,173.591,215.748,181.92,108.571,71.485,79.198,86.7,88.974,88.075,82.487,167.884,72.583,85.952,109.653,93.023,112.329,137.615,125.311,120.187,121.476,123.541,125.503,127.324,128.78,130.137,131.328,132.475,133.649,134.8
RUS,meat_consumption_1,0.0,0.0,4278.848,4006.307,3805.007,3304.497,3201.924,3219.442,2947.76,2508.128,2146.845,2338.327,2481.506,2524.366,2487.536,2607.293,2467.0,2721.951,2929.764,2652.627,2591.245,2747.424,2861.387,2513.937,2461.705,2232.391,2080.308,2046.123,2081.058,2098.465,2091.933,2088.603,2088.877,2088.868,2088.031,2088.417,2086.457,2084.276,2082.608,2080.4
SAU,meat_consumption_1,70.37,83.171,87.691,50.697,54.844,96.66,67.145,64.602,81.996,59.836,84.595,52.854,85.015,86.748,108.295,102.274,132.143,144.965,148.849,153.224,171.751,168.97,186.138,182.426,179.586,196.103,184.499,174.808,176.354,186.8,191.788,197.304,202.94,208.581,214.175,219.752,225.329,230.928,236.613,242.35
THA,meat_consumption_1,316.45,318.915,316.184,337.227,274.1,359.024,323.1,284.432,251.973,228.252,199.355,146.619,140.815,142.679,152.129,152.806,161.593,180.68,168.672,170.544,189.666,170.786,156.316,150.943,144.058,125.86,128.644,136.998,129.105,121.7,122.278,122.851,123.83,124.609,125.125,125.343,125.54,125.524,125.637,125.706
TUR,meat_consumption_1,381.679,372.965,337.77,334.276,311.091,309.377,323.286,384.984,363.564,354.702,358.152,333.564,328.653,301.214,375.915,327.208,346.096,431.933,374.954,322.077,659.916,742.358,803.841,851.696,867.409,1030.598,1061.198,991.887,1151.432,1122.8,1153.667,1185.392,1210.36,1234.339,1259.857,1285.989,1311.772,1336.99,1363.699,1391.428
UKR,meat_consumption_1,1985.4,1877.6,1521.645,1286.14,1158.696,981.644,796.546,782.87,681.26,648.542,831.1,551.617,562.849,562.402,539.893,552.62,588.65,530.023,500.446,446.684,419.771,393.351,376.746,407.653,391.847,350.632,339.34,316.916,316.051,289.175,289.12,290.221,291.516,292.328,292.645,292.709,292.43,292.091,291.807,291.488
USA,meat_consumption_1,11047.425,11076.048,11145.846,11018.411,11527.967,11726.191,11902.566,11767.677,12051.787,12324.702,12502.563,12351.209,12737.932,12338.907,12667.489,12663.362,12833.822,12841.442,12447.318,12268.343,12032.32,11689.672,11701.59,11569.143,11211.285,11276.32,11678.355,12046.112,12175.84,12374.514,12386.595,12403.84,12121.05,12177.263,12240.244,12348.722,12507.083,12639.514,12822.208,12902.458
VNM,meat_consumption_1,164.316,165.344,172.917,170.8,175.699,179.945,175.6,164.285,163.284,178.821,186.0,194.488,200.33,205.187,224.133,264.871,304.573,406.921,520.114,621.148,586.863,816.874,845.722,1088.585,1332.012,1303.264,1301.019,1444.601,1231.617,1133.683,1159.863,1194.555,1227.34,1260.194,1293.216,1327.241,1358.668,1390.44,1421.68,1453.093
ZAF,meat_consumption_1,719.0,741.0,718.0,663.0,587.0,591.0,573.0,560.0,560.0,671.0,618.52,604.293,611.888,638.899,691.573,765.158,849.466,847.365,799.331,807.91,891.885,874.988,880.904,950.284,980.541,1034.663,1050.826,977.709,963.511,924.244,955.857,991.605,1025.753,1060.008,1094.256,1129.094,1162.848,1196.756,1230.693,1264.824
ARG,meat_consumption_2,153.631,153.161,192.864,211.257,213.326,227.095,220.9,217.0,253.12,287.452,283.104,228.557,214.715,192.947,209.955,240.605,298.71,307.536,304.846,332.953,321.78,348.663,355.2,426.242,438.752,476.638,539.605,587.0,628.692,653.0,664.976,674.873,681.361,686.442,691.913,699.211,704.598,711.201,717.396,724.19
AUS,meat_consumption_2,0.0,319.998,340.376,340.375,357.027,361.071,337.618,350.254,363.562,365.969,381.067,366.46,408.37,442.616,451.583,487.989,484.445,542.241,524.288,550.576,571.745,563.032,602.02,593.293,610.312,667.964,665.656,695.361,682.955,654.379,660.773,661.369,671.294,682.095,689.878,699.694,708.014,717.216,725.648,734.761
BRA,meat_consumption_2,1062.5,1111.6,1148.8,1207.3,1268.0,1404.1,1545.3,1459.943,1572.929,1600.715,2411.059,2498.141,2419.18,2234.046,2142.913,2123.527,2452.498,2436.801,2547.631,2648.022,2762.815,2949.965,2981.47,2971.85,3200.516,3194.714,3092.877,3237.152,3413.437,3476.422,3475.35,3527.201,3606.641,3587.927,3627.662,3672.042,3713.048,3756.08,3794.527,3837.861
CAN,meat_consumption_2,727.255,728.207,808.46,796.018,827.632,818.604,773.374,763.96,869.679,919.533,885.382,902.857,877.462,799.766,856.796,748.344,769.274,831.488,799.289,799.596,756.515,741.303,780.582,738.781,735.828,831.106,745.217,771.11,808.051,779.849,768.432,775.912,777.284,782.682,787.737,790.169,790.86,794.003,796.847,796.797
CHE,meat_consumption_2,272.614,269.313,267.294,264.267,249.373,256.135,236.506,233.996,246.353,242.722,242.13,243.926,247.254,244.64,244.004,249.679,255.796,254.993,254.33,252.402,262.708,260.236,249.24,249.456,255.997,249.287,249.076,248.78,246.98,248.325,249.21,249.957,250.243,250.977,251.43,251.932,252.442,252.974,253.452,254.029
CHL,meat_consumption_2,121.653,121.191,131.465,144.087,156.661,171.048,182.829,198.232,221.179,238.122,246.997,269.988,268.607,288.035,273.443,286.72,340.052,354.272,387.557,371.417,385.464,409.99,435.064,440.728,406.904,401.292,419.327,449.268,570.941,578.0,586.441,595.717,604.502,613.469,622.643,631.977,641.418,651.067,660.76,670.714
CHN,meat_consumption_2,22569.99,24242.131,26224.895,28374.406,31025.051,31721.453,31365.242,35777.156,38661.555,38839.586,39686.121,40418.469,41115.684,42155.184,42952.356,45083.965,46145.875,42750.723,46534.063,49378.426,51488.337,51740.453,54911.485,56738.713,58704.595,57268.785,56103.999,55877.263,55372.369,44791.144,41921.655,43843.489,47148.477,50153.934,53171.456,56207.161,57453.51,57735.797,57997.07,58277.44
COL,meat_consumption_2,133.88,133.804,135.389,135.075,136.162,138.99,132.65,107.671,82.378,113.486,110.329,103.856,113.37,126.65,131.924,130.95,152.372,185.4,181.537,180.607,207.284,237.655,366.642,304.565,334.176,369.941,415.409,453.133,511.9,573.9,579.056,596.434,610.032,624.614,640.353,656.211,673.187,687.474,702.738,718.582
EGY,meat_consumption_2,2.429,2.484,2.887,2.907,2.8,2.791,2.845,2.935,8.227,3.047,3.098,3.0,2.792,2.641,3.157,2.151,2.912,3.88,2.155,0.857,0.422,0.808,0.849,0.855,0.535,0.539,0.766,2.594,0.271,0.263,0.264,0.271,0.278,0.284,0.29,0.296,0.301,0.306,0.312,0.317
ETH,meat_consumption_2,1.05,1.1,1.15,1.15,1.155,1.212,1.267,1.322,1.397,1.455,1.466,1.553,1.495,1.663,1.65,1.703,1.767,1.73,1.729,1.685,1.818,1.894,1.927,2.012,2.534,2.073,2.082,2.048,2.048,2.048,2.065,2.092,2.11,2.131,2.153,2.175,2.197,2.219,2.241,2.264
GBR,meat_consumption_2,1316.343,1320.28,1312.637,1309.799,1344.151,1289.743,1319.407,1314.824,1353.849,1320.556,1292.756,1331.269,1345.806,1402.666,1379.117,1397.642,1391.348,1450.97,1364.245,1362.039,1353.655,1347.425,1327.326,1305.26,1345.066,1383.315,1450.053,1422.308,1449.039,1389.212,1376.473,1390.818,1397.52,1402.632,1408.164,1410.457,1409.077,1409.757,1410.261,1411.615
IDN,meat_consumption_2,546.873,574.818,586.241,622.661,660.6,572.569,599.995,633.993,621.809,550.063,414.598,419.329,464.448,497.905,194.244,176.525,199.637,230.742,211.021,200.274,212.427,225.419,233.046,300.759,305.137,335.881,345.893,345.133,348.544,349.35,351.735,359.832,366.224,371.763,377.496,382.409,387.027,390.762,394.748,398.899
IND,meat_consumption_2,412.997,427.0,444.493,447.943,450.8,453.883,558.107,464.398,463.283,464.38,465.562,466.641,467.369,469.499,443.827,425.033,404.437,385.206,379.46,379.072,371.227,364.608,357.74,354.097,350.495,344.159,316.733,305.668,300.035,296.187,297.212,294.972,294.206,292.501,290.329,287.801,284.859,281.367,277.538,273.783
IRN,meat_consumption_2,0.0,0.0,0.0,0.0,0.0,0.0,0.0,0.0,0.0,0.0,0.0,0.0,0.0,0.0,0.0,0.0,0.0,0.0,0.0,0.0,0.0,0.0,0.0,0.0,0.0,0.0,0.0,0.0,0.0,0.0,0.001,0.001,0.001,0.001,0.001,0.001,0.001,0.001,0.001,0.001
ISR,meat_consumption_2,9.176,9.337,9.265,8.685,8.691,10.241,10.405,11.819,11.827,8.588,14.774,15.676,16.42,17.374,17.943,18.548,17.401,18.136,18.012,19.378,18.696,18.555,19.196,16.067,15.394,15.471,15.745,14.444,14.646,14.646,14.646,14.646,14.646,14.646,14.646,14.646,14.646,14.646,14.646,14.646
JPN,meat_consumption_2,2071.813,2082.682,2089.852,2079.114,2097.024,2110.846,2220.733,2064.941,2051.12,2099.959,2179.85,2236.454,2350.444,2316.988,2474.045,2459.773,2304.243,2349.367,2390.896,2333.597,2364.555,2404.854,2389.876,2383.58,2411.883,2454.667,2518.737,2605.978,2609.678,2627.589,2615.523,2603.574,2586.426,2569.295,2552.687,2536.612,2519.968,2503.904,2486.912,2470.829
KAZ,meat_consumption_2,286.0,274.0,221.2,196.712,156.826,108.9,108.392,84.284,82.335,97.379,86.318,117.444,116.504,112.702,122.954,124.202,129.434,132.282,146.669,138.687,138.435,150.522,150.429,145.232,137.818,126.538,121.05,123.308,113.454,112.1,112.285,113.018,113.413,113.767,114.194,114.625,115.046,115.49,115.888,116.327
KOR,meat_consumption_2,0.0,552.615,748.458,762.231,794.642,835.256,900.375,895.847,890.936,1030.494,969.216,1013.069,1046.943,1291.64,1198.86,1177.305,1423.507,1505.964,1524.596,1484.984,1544.08,1492.185,1551.449,1633.671,1665.412,1819.203,1901.912,1934.821,2007.746,2050.906,2074.759,2081.613,2085.913,2090.724,2095.633,2100.745,2105.772,2111.074,2115.925,2121.252
MEX,meat_consumption_2,789.761,865.575,874.326,867.531,948.929,945.392,927.596,970.427,1041.898,1083.245,1170.036,1210.737,1264.078,1320.108,1371.296,1369.725,1416.922,1440.425,1447.896,1598.238,1607.459,1532.55,1679.2,1776.725,1810.469,1957.032,2030.253,2128.381,2273.038,2355.323,2383.541,2420.584,2451.052,2481.401,2512.584,2543.809,2574.55,2605.359,2635.276,2666.344
MYS,meat_consumption_2,232.63,237.369,255.681,267.045,287.603,286.978,280.795,283.419,267.262,168.989,173.054,202.162,211.126,194.92,203.817,212.07,219.7,202.167,198.494,207.124,246.326,227.143,225.062,225.03,229.156,242.403,219.633,218.275,223.069,221.1,221.784,223.525,224.519,225.556,226.721,227.9,229.031,230.226,231.327,232.536
NGA,meat_consumption_2,106.916,106.809,112.51,117.006,121.504,133.726,138.226,142.726,147.226,156.226,157.552,165.422,192.524,179.118,186.165,193.455,201.461,209.25,217.602,226.318,234.132,243.449,249.231,254.65,252.732,266.494,274.937,278.145,281.007,280.1,285.072,293.42,298.115,305.594,310.877,317.979,323.652,330.398,336.701,343.493
NOR,meat_consumption_2,83.792,86.252,88.305,92.374,95.663,100.768,107.141,101.739,107.053,99.821,103.936,110.08,105.393,109.385,113.505,117.649,116.148,125.926,124.638,123.848,127.891,131.952,131.25,129.326,131.882,139.767,142.106,141.654,143.537,145.023,146.666,147.724,148.619,149.69,150.65,151.694,152.678,153.714,154.685,155.71
NZL,meat_consumption_2,47.8,46.629,49.262,52.98,60.636,58.539,59.61,57.056,60.675,65.535,66.207,62.869,65.844,71.076,77.669,79.73,85.928,87.282,88.121,88.201,82.973,90.515,92.282,92.07,95.83,105.226,104.242,111.971,115.135,116.128,117.853,119.124,120.264,121.449,122.632,123.833,125.022,126.212,127.373,128.572
PAK,meat_consumption_2,0.0,0.0,0.0,0.0,0.0,0.0,0.017,0.001,0.003,0.003,0.0,0.0,0.0,0.014,0.013,0.192,0.192,0.022,0.051,0.051,0.051,0.021,0.021,0.021,0.021,0.011,0.028,0.098,0.098,0.098,0.098,0.098,0.098,0.098,0.098,0.098,0.098,0.098,0.098,0.098
PER,meat_consumption_2,66.523,68.876,73.096,75.651,78.106,80.504,83.494,86.98,71.25,66.462,91.977,93.325,92.823,93.163,99.369,105.357,110.223,116.067,116.883,116.864,120.157,121.779,127.866,134.132,143.217,153.408,159.444,169.196,172.412,174.396,172.461,178.704,182.373,187.062,191.88,196.739,203.123,206.015,210.85,215.906
PHL,meat_consumption_2,684.805,701.7,658.555,731.053,757.381,814.234,1042.95,1097.913,1144.613,1212.756,1249.843,1298.557,1371.061,1405.071,1387.795,1436.705,1583.794,1637.609,1645.627,1680.532,1726.481,1727.36,1740.165,1791.477,1801.821,1872.125,1967.761,1973.457,2043.518,2109.7,2095.341,2128.78,2167.822,2211.55,2252.81,2292.861,2334.908,2375.405,2416.539,2459.411
PRY,meat_consumption_2,118.133,120.545,126.485,126.791,127.824,130.159,116.122,118.068,119.445,120.668,157.318,143.545,150.61,84.275,155.949,150.955,154.388,147.847,143.466,144.416,161.47,166.165,169.407,176.127,180.381,184.429,188.828,190.64,191.336,193.0,194.585,197.851,200.553,203.58,206.372,209.083,211.784,214.444,217.044,219.683
RUS,meat_consumption_2,0.0,0.0,0.0,2792.227,2514.14,2378.134,2216.252,2239.944,2216.9,2018.0,1791.508,1913.071,2226.72,2109.241,2171.142,2381.957,2574.325,3045.058,3329.991,3202.871,3087.74,3411.927,3363.74,3559.835,3334.421,3378.912,3572.59,3738.69,3727.922,3849.082,3875.48,3912.982,3921.593,3937.891,3954.784,3971.868,3989.693,4009.136,4025.114,4045.359
SAU,meat_consumption_2,0.0,0.0,0.0,0.0,0.0,0.0,0.0,0.0,0.0,0.0,2.1,2.776,2.6,2.274,2.49,4.741,4.147,5.409,0.023,0.052,6.21,8.605,9.196,4.631,7.9,7.993,6.983,20.913,20.908,17.9,17.9,17.9,17.9,17.9,17.9,17.9,17.9,17.9,17.9,17.9
THA,meat_consumption_2,336.01,400.503,432.791,457.627,487.9,486.05,509.64,530.495,463.712,450.025,685.529,687.819,770.875,852.624,863.707,896.29,975.404,990.664,879.579,855.298,879.673,859.597,923.645,941.23,923.449,913.002,895.96,882.611,878.045,876.4,878.56,888.25,894.679,899.256,904.14,906.962,909.655,910.317,911.889,913.671
TUR,meat_consumption_2,0.403,0.375,0.3,0.214,0.341,0.341,0.11,0.086,0.13,0.112,0.197,0.038,0.1,0.1,0.0,0.0,0.0,0.0,0.0,0.0,0.0,0.0,0.0,0.0,0.0,0.0,0.0,0.0,0.0,0.0,0.0,0.0,0.0,0.0,0.0,0.0,0.0,0.0,0.0,0.0
UKR,meat_consumption_2,1576.3,1421.1,1167.852,1008.413,860.378,805.202,787.519,700.685,676.503,638.704,746.022,592.846,602.43,626.32,599.267,543.8,585.207,710.235,799.512,687.601,765.731,802.702,934.266,934.748,771.37,736.468,748.85,737.639,733.994,725.661,718.474,724.711,731.344,739.474,745.896,752.855,759.382,765.761,771.912,778.311
USA,meat_consumption_2,7271.306,7438.693,7927.068,7901.17,8087.108,8059.439,7618.093,7629.886,8304.833,8597.4,8456.333,8387.84,8684.944,8815.578,8816.304,8669.975,8640.945,8966.171,8814.218,8998.38,8656.821,8332.955,8408.706,8684.036,8650.017,9340.839,9476.463,9541.327,9748.165,10126.008,10177.303,10191.614,10212.93,10240.507,10351.712,10440.556,10513.526,10544.739,10582.859,10626.998
VNM,meat_consumption_2,712.404,690.523,807.69,858.3,945.138,1000.681,1047.484,1089.498,1161.425,1248.972,1404.531,1487.739,1639.938,1786.104,2268.723,2277.456,2597.806,2564.975,2786.974,3062.346,3047.922,3117.908,3213.08,3362.623,3518.102,3580.12,3669.954,3736.858,3884.225,3241.798,3154.699,3300.171,3445.025,3594.349,3742.971,3894.828,4094.367,4275.093,4358.456,4431.887
ZAF,meat_consumption_2,130.149,113.43,129.246,122.124,122.472,138.541,135.016,129.949,124.446,132.945,122.561,124.711,124.375,171.154,185.856,175.83,207.528,214.933,197.928,215.557,232.727,239.887,248.249,242.133,235.312,249.715,248.023,246.33,272.1,274.399,278.434,285.518,291.984,298.523,305.225,311.838,318.572,325.366,332.181,339.228
ARG,meat_consumption_3,321.0,333.8,382.04,596.1,719.01,738.595,786.219,770.086,811.557,954.823,959.578,932.888,660.456,697.746,826.192,934.525,1086.653,1160.856,1273.18,1367.82,1464.41,1643.89,1749.15,1711.1,1777.8,1921.4,1924.5,1914.4,1939.0,1929.665,1955.504,1975.054,1994.604,2014.153,2033.703,2053.252,2072.802,2092.351,2111.901,2131.451
AUS,meat_consumption_3,425.003,436.571,443.68,476.22,494.982,495.162,508.785,538.887,583.855,597.853,640.563,637.465,716.384,700.391,741.201,781.743,820.738,826.416,806.28,829.954,947.731,1011.635,1049.383,1061.305,1094.188,1141.933,1227.258,1211.037,1198.318,1245.5,1268.965,1293.27,1318.382,1342.352,1352.134,1368.501,1384.625,1401.356,1418.572,1435.141
BRA,meat_consumption_3,2118.732,2380.605,2572.767,2708.908,3007.8,3711.853,3578.253,3917.06,4338.278,4860.652,5176.023,5059.204,5535.409,5907.974,6304.614,5166.996,5615.413,5959.553,6876.862,6653.042,8676.876,9090.358,9021.138,8980.604,9156.336,9519.466,9445.025,9660.953,9547.336,9664.7,9845.757,9914.307,9953.047,10003.467,10049.345,10090.705,10124.307,10162.378,10198.018,10231.638
CAN,meat_consumption_3,764.27,773.108,783.331,812.23,873.857,872.418,874.623,899.54,928.175,977.779,1032.593,1084.031,1105.847,1121.281,1140.872,1158.232,1180.521,1197.88,1215.376,1214.82,1216.157,1190.316,1193.105,1217.451,1262.945,1332.865,1372.117,1394.681,1464.571,1501.96,1522.155,1547.285,1574.196,1598.429,1619.866,1642.173,1664.078,1686.09,1707.142,1728.645
CHE,meat_consumption_3,73.642,77.682,75.81,74.649,79.76,79.174,85.761,86.538,88.38,87.14,95.849,101.663,104.623,108.334,108.223,105.358,101.036,117.117,126.15,127.477,128.922,132.524,133.707,137.191,144.882,148.408,151.469,148.967,142.086,143.798,145.252,146.982,148.648,150.677,152.752,154.805,156.837,158.873,160.902,162.929
CHL,meat_consumption_3,117.82,132.23,200.019,239.364,267.163,311.464,330.431,331.957,361.905,371.195,405.449,434.867,417.53,423.418,470.558,472.022,545.281,569.229,542.431,525.273,560.75,614.971,623.237,640.473,640.981,684.746,730.445,737.922,751.871,753.0,778.226,790.148,802.118,813.958,826.036,838.075,850.269,862.705,875.433,888.307
CHN,meat_consumption_3,0.0,3928.558,4479.748,5722.122,6566.2,8380.38,8416.131,9676.612,10756.478,11270.593,12244.767,11941.14,12059.592,12608.265,12449.588,13392.821,13830.221,14920.952,15920.892,16443.028,16754.617,17087.698,18309.687,18113.205,17522.478,18263.344,19105.245,18997.384,19992.247,22845.357,23210.239,22972.585,22748.53,22836.824,22933.354,23027.521,23167.931,23310.931,23453.194,23590.693
COL,meat_consumption_3,298.562,388.335,415.971,455.987,511.736,570.02,489.062,459.679,531.117,522.231,537.049,633.9,684.216,709.939,728.855,794.421,885.731,964.778,1051.035,1061.709,1116.238,1126.775,1169.69,1331.173,1414.818,1483.695,1564.638,1645.305,1723.917,1772.011,1809.3,1857.319,1896.217,1940.571,1985.993,2031.235,2080.753,2121.217,2165.335,2210.275
EGY,meat_consumption_3,272.038,304.302,317.52,330.373,358.6,406.919,422.741,541.299,534.598,590.061,595.335,621.761,743.427,687.068,650.288,664.691,726.957,820.164,758.126,836.273,883.141,934.419,995.63,1160.841,1246.176,1238.681,1262.878,1347.301,1220.98,1276.973,1315.153,1355.088,1395.77,1437.463,1480.577,1524.673,1570.169,1617.072,1665.394,1715.05
ETH,meat_consumption_3,35.64,35.64,35.9,36.0,35.971,35.97,36.17,36.3,36.962,37.241,37.602,49.837,54.057,50.242,47.112,42.581,45.209,46.25,48.603,49.793,57.496,53.942,60.499,61.86,41.058,12.296,13.135,13.701,14.025,14.025,14.523,14.713,14.893,15.065,15.247,15.461,15.826,16.229,16.662,17.179
GBR,meat_consumption_3,1022.949,1073.414,1287.438,1327.223,1429.289,1474.721,1552.405,1592.337,1705.144,1703.774,1703.726,1731.81,1710.325,1709.585,1751.847,1789.616,1725.457,1631.02,1592.661,1626.772,1776.435,1784.578,1806.69,1831.562,1817.665,1982.536,2076.822,2050.991,2169.426,2306.924,2349.12,2364.163,2375.2,2384.679,2395.463,2405.353,2413.81,2422.447,2431.803,2439.956
IDN,meat_consumption_3,508.904,583.773,547.633,698.79,816.4,876.814,949.208,899.47,618.346,626.32,831.655,923.424,1102.606,1135.506,1214.33,1151.101,1288.535,1345.908,1386.307,1433.328,1561.433,1689.556,1764.764,1870.129,1971.367,2065.497,2344.211,2299.763,2287.832,2377.9,2444.842,2514.993,2589.574,2663.99,2741.345,2815.658,2890.674,2960.408,3033.567,3107.888
IND,meat_consumption_3,391.342,522.365,540.181,608.148,625.0,641.823,659.871,664.556,737.949,810.041,903.782,962.917,1126.755,1242.1,1340.202,1439.783,1554.199,1789.784,1916.97,2119.686,2222.015,2505.201,2707.058,2872.854,3064.955,3283.691,3428.045,3540.624,3700.344,3737.32,3955.651,4107.122,4253.738,4407.237,4554.686,4716.754,4883.321,5052.014,5222.719,5395.09
IRN,meat_consumption_3,395.24,436.935,566.455,628.91,635.813,658.52,682.02,727.663,747.508,754.939,830.145,886.977,944.172,1106.663,1170.988,1235.14,1356.269,1504.566,1567.057,1614.573,1680.834,1830.639,1896.452,1961.304,1986.677,2014.379,2070.32,2128.208,2144.285,2185.9,2229.704,2267.73,2305.398,2342.907,2380.681,2418.261,2455.842,2493.411,2530.967,2568.521
ISR,meat_consumption_3,175.258,189.473,209.499,225.717,247.894,246.64,254.658,259.02,263.615,274.538,402.179,434.526,446.678,441.825,458.876,477.362,507.234,510.213,511.394,522.5,528.253,541.409,554.333,508.806,558.713,593.443,637.021,626.135,622.162,624.1,638.031,652.205,666.406,680.831,695.293,709.896,724.667,739.585,754.692,769.993
JPN,meat_consumption_3,1784.404,1680.944,1736.809,1707.512,1787.153,1804.29,1866.966,1820.708,1727.12,1737.49,1860.738,1917.739,1862.648,1844.257,1805.436,1917.83,1952.02,1969.78,1946.9,1998.77,2085.61,2075.234,2206.41,2193.19,2226.18,2301.733,2368.674,2448.227,2511.438,2551.921,2548.8,2547.457,2546.122,2544.783,2543.448,2542.112,2540.776,2539.44,2538.103,2536.766
KAZ,meat_consumption_3,201.0,185.0,140.85,115.79,81.17,56.44,54.473,56.166,54.382,43.067,53.588,66.613,84.297,96.255,121.925,155.903,215.009,208.445,195.416,189.368,239.316,261.621,326.449,303.648,281.688,292.107,300.302,339.716,363.737,348.493,357.649,367.058,376.158,387.804,397.84,408.092,418.416,428.812,439.269,449.796
KOR,meat_consumption_3,271.5,332.266,374.848,393.698,397.9,437.717,472.472,445.925,396.834,494.431,518.219,569.778,592.131,523.64,464.954,600.174,645.238,637.513,635.118,677.81,746.613,803.229,809.611,822.703,925.041,973.199,1001.096,996.221,1048.699,1087.0,1091.917,1097.204,1102.609,1107.911,1113.347,1118.577,1123.64,1128.642,1133.705,1138.668
MEX,meat_consumption_3,848.035,995.553,1071.894,1261.1,1369.909,1515.516,1505.322,1750.495,1931.271,2080.252,2229.966,2351.655,2516.807,2686.007,2783.345,3029.62,3112.794,3167.94,3261.932,3314.587,3421.165,3532.197,3612.905,3690.316,3801.833,3928.083,4073.135,4223.313,4316.464,4426.506,4481.279,4545.59,4607.493,4666.412,4726.808,4786.412,4844.737,4903.168,4961.435,5019.424
MYS,meat_consumption_3,385.605,471.44,556.183,640.706,680.893,705.104,713.698,723.358,734.773,757.758,739.387,779.622,849.686,870.362,933.017,976.677,1039.762,1102.734,1147.699,1180.914,1280.687,1325.931,1388.616,1472.181,1590.551,1649.933,1778.445,1743.712,1776.741,1797.837,1842.653,1881.037,1919.699,1958.164,1997.305,2036.431,2077.016,2117.828,2159.562,2202.069
NGA,meat_consumption_3,174.105,165.0,162.0,165.0,168.05,169.0,170.0,171.04,172.04,174.0,160.437,189.319,194.402,201.539,211.0,218.75,232.101,243.3,260.0,273.016,245.01,198.308,229.207,193.186,196.606,204.674,209.319,201.599,198.113,196.113,197.138,198.12,199.116,200.12,201.152,202.261,203.315,204.52,206.072,207.882
NOR,meat_consumption_3,20.084,20.539,23.117,23.088,26.172,29.658,32.619,33.488,31.429,36.754,43.607,43.348,46.808,49.872,54.99,58.198,63.642,71.199,84.858,82.335,84.673,85.131,93.743,106.461,104.728,93.963,100.532,103.26,105.021,108.441,109.887,111.346,112.805,114.214,115.667,117.092,118.503,119.895,121.295,122.69
NZL,meat_consumption_3,56.3,58.3,60.9,68.2,75.363,92.992,91.078,89.122,97.411,100.627,107.678,117.499,129.263,142.042,149.538,158.968,152.855,146.479,147.1,139.034,142.92,148.207,165.116,165.932,173.553,176.796,197.744,206.085,213.546,223.395,219.625,221.175,223.34,225.498,227.66,229.822,231.985,234.147,236.309,238.471
PAK,meat_consumption_3,160.705,154.9,173.16,269.29,300.42,312.55,359.701,391.673,288.689,314.771,331.995,343.96,359.843,377.229,383.281,389.039,517.682,558.844,605.742,661.414,732.712,792.738,853.819,920.279,1008.986,1102.455,1200.769,1302.664,1409.376,1529.425,1567.793,1607.044,1647.152,1688.339,1730.695,1773.993,1818.311,1863.748,1910.343,1958.268
PER,meat_consumption_3,249.119,295.55,322.876,306.183,320.485,357.581,391.461,441.948,473.159,504.828,519.854,524.866,563.91,584.988,584.297,657.422,717.81,779.576,886.739,980.033,1041.456,1124.777,1234.81,1282.896,1344.733,1361.374,1454.969,1524.374,1644.854,1696.6,1739.68,1785.798,1832.384,1879.797,1928.739,1978.756,2029.64,2081.576,2134.981,2190.316
PHL,meat_consumption_3,241.965,287.214,307.572,364.015,381.41,420.051,475.907,518.622,518.517,548.425,577.633,627.299,669.76,680.552,706.108,703.447,720.632,817.662,887.99,916.297,993.1,1056.152,1159.935,1211.258,1310.654,1412.16,1472.403,1523.963,1595.23,1656.861,1713.077,1774.66,1837.064,1900.792,1967.236,2035.579,2105.605,2178.278,2253.387,2330.886
PRY,meat_consumption_3,24.724,18.608,20.166,22.108,30.855,33.791,34.485,36.631,38.049,41.966,34.889,38.178,38.213,38.951,43.036,43.014,46.582,31.118,37.937,37.114,36.052,40.665,41.912,43.463,43.878,43.966,42.316,41.384,41.522,42.448,42.87,43.339,43.706,44.134,44.49,44.844,45.188,45.508,45.822,46.117
RUS,meat_consumption_3,0.0,0.0,1484.034,1455.22,1767.4,1829.7,1943.316,2082.973,1896.369,1888.57,1464.899,2153.506,2337.123,2319.246,2355.54,2776.843,2951.226,3265.123,3479.081,3551.915,3561.354,3709.108,4225.121,4369.633,4563.635,4776.608,4759.522,5034.422,5039.197,5076.07,5110.342,5122.296,5144.241,5161.844,5181.776,5200.072,5217.933,5236.615,5253.691,5270.919
SAU,meat_consumption_3,475.191,525.059,473.659,450.339,432.053,565.801,548.728,617.672,700.823,780.345,814.724,890.329,862.936,880.611,829.991,976.389,947.117,1003.039,1077.171,1180.693,1237.304,1238.449,1239.501,1414.464,1435.249,1539.566,1523.632,1293.805,1343.429,1355.132,1373.788,1392.985,1411.987,1430.842,1449.81,1468.662,1487.473,1506.274,1525.06,1543.834
THA,meat_consumption_3,524.17,699.791,849.797,878.261,814.6,812.46,857.526,840.284,900.182,798.487,747.168,752.542,685.014,722.963,588.646,760.001,677.175,760.037,630.206,636.014,631.311,626.926,748.085,979.76,1068.013,814.929,695.088,619.814,651.583,616.257,623.3,631.161,638.916,646.435,654.028,661.531,668.822,676.159,683.508,690.793
TUR,meat_consumption_3,414.6,414.312,440.303,459.047,477.271,501.3,427.022,475.715,497.289,604.874,666.018,613.305,710.99,884.585,889.437,936.972,897.479,1050.061,1046.84,1211.013,1336.552,1410.726,1457.105,1428.171,1531.979,1619.416,1601.654,1758.351,1733.571,1796.786,1827.539,1872.397,1914.318,1953.727,1991.143,2028.609,2067.561,2105.985,2146.245,2187.301
UKR,meat_consumption_3,708.4,654.4,499.2,363.725,264.836,235.092,308.762,241.619,251.17,291.719,244.944,333.274,394.917,444.664,687.141,667.269,772.543,855.393,1072.681,1094.246,1103.633,1037.339,1139.722,1124.618,1083.542,1072.89,1034.783,1058.425,1079.029,1110.0,1123.779,1141.275,1158.212,1173.605,1188.835,1202.973,1216.576,1229.936,1242.986,1255.453
USA,meat_consumption_3,10047.99,10564.633,11079.007,11383.821,11681.832,11768.015,12138.6,12365.85,12618.955,13547.46,13838.213,13981.094,14775.789,15028.27,15485.106,15851.712,16081.683,15976.45,16074.879,15497.455,15990.057,16471.319,15888.453,15938.801,16313.923,17423.411,17773.585,18064.791,18376.41,18733.631,19169.036,19218.463,19364.111,19474.561,19585.797,19691.512,19797.082,19900.415,20007.565,20109.668
VNM,meat_consumption_3,169.56,164.67,175.52,168.07,170.05,175.22,196.597,284.956,299.736,325.44,365.342,385.371,430.243,456.507,427.458,400.805,473.363,613.667,781.966,897.224,1092.26,1570.368,1257.183,1247.536,1351.58,1601.51,1450.986,1291.343,1684.265,1794.5,1846.542,1902.946,1960.523,2018.881,2079.182,2140.973,2203.838,2268.941,2335.783,2404.496
ZAF,meat_consumption_3,556.058,525.333,535.321,546.669,628.9,709.422,710.258,780.825,725.003,800.037,894.465,953.234,1003.441,1046.535,1084.411,1162.906,1262.309,1399.705,1547.519,1598.91,1671.001,1772.399,1829.434,2009.806,2113.786,2131.448,2161.028,2150.789,2266.658,2257.916,2302.104,2347.153,2392.063,2435.989,2480.069,2523.189,2565.847,2608.237,2650.418,2692.175
ARG,meat_consumption_4,84.597,88.231,72.156,72.133,92.807,88.377,71.567,65.847,58.239,55.352,59.164,59.153,58.38,56.665,55.104,52.502,51.653,53.059,50.21,47.773,47.965,51.034,56.101,55.215,59.113,56.136,50.032,48.354,48.854,49.354,49.978,50.421,50.925,51.427,51.919,52.4,52.905,53.412,53.925,54.43
AUS,meat_consumption_4,366.452,379.246,355.184,349.866,374.265,309.057,305.815,314.725,326.886,325.594,353.24,326.689,303.789,271.012,270.734,274.981,288.541,299.167,266.458,255.413,225.907,206.07,227.034,230.507,217.634,254.168,234.352,216.656,197.556,177.0,170.222,173.237,174.309,181.132,183.781,184.697,183.335,181.187,182.78,184.324
BRA,meat_consumption_4,114.398,115.839,117.003,122.806,120.3,129.149,103.502,106.761,108.742,114.288,109.31,104.733,101.598,100.595,108.379,110.097,113.472,114.538,116.222,115.367,117.664,118.276,120.769,124.657,126.112,128.996,128.481,125.621,124.53,124.7,125.771,126.841,127.412,127.983,128.555,129.126,129.697,130.268,130.84,131.411
CAN,meat_consumption_4,22.96,24.33,23.88,24.52,23.83,23.75,22.33,22.13,25.01,26.06,28.95,32.09,32.37,34.2,35.32,36.03,39.52,40.14,38.85,38.86,36.98,36.53,33.59,35.17,37.31,37.42,38.4,40.53,43.04,41.592,41.769,41.99,42.233,42.452,42.408,42.35,42.176,42.242,42.15,42.099
CHE,meat_consumption_4,12.421,12.278,12.778,12.598,12.435,12.417,13.196,13.708,13.217,12.761,14.326,13.139,13.286,13.491,13.628,13.069,12.716,12.208,12.072,11.75,12.012,12.124,11.759,11.299,12.44,12.342,12.572,11.557,11.551,11.551,11.271,11.305,11.339,11.372,11.405,11.439,11.471,11.505,11.539,11.573
CHL,meat_consumption_4,12.247,13.413,14.829,14.222,12.593,11.807,11.669,12.36,12.983,13.167,12.659,10.935,10.871,9.649,9.393,9.002,10.885,11.086,12.349,10.688,9.448,10.466,10.468,8.559,9.517,9.292,8.534,8.81,8.643,10.12,10.164,10.217,10.268,10.307,10.342,10.369,10.393,10.41,10.424,10.435
CHN,meat_consumption_4,0.0,1177.752,1248.4,1371.189,1479.1,1745.15,1812.294,2130.744,2352.357,2519.983,2663.427,2704.65,2830.081,3067.875,3291.055,3461.319,3594.509,3801.743,3792.314,3899.327,4036.742,4005.576,4128.894,4336.856,4560.503,4629.548,4812.735,4923.317,5030.158,5270.919,5405.547,5501.679,5599.982,5695.791,5790.4,5885.98,5916.486,5948.877,5982.26,6013.92
COL,meat_consumption_4,12.195,11.534,12.309,13.126,13.117,13.279,12.051,13.05,12.103,11.779,13.326,12.997,12.187,12.315,12.084,11.902,11.667,11.563,11.313,11.156,10.871,10.738,7.813,7.298,8.098,8.398,7.79,7.861,8.013,8.013,8.096,8.14,8.16,8.152,8.163,8.172,8.186,8.185,8.178,8.174
EGY,meat_consumption_4,82.131,73.746,76.196,80.628,87.65,90.849,90.416,93.789,95.92,81.289,125.989,128.923,137.066,139.849,137.515,138.735,141.66,149.539,151.422,145.434,131.006,127.398,131.059,129.985,131.328,128.134,130.519,125.399,125.015,125.998,127.834,129.568,131.249,132.918,134.539,136.111,137.667,139.198,140.722,142.238
ETH,meat_consumption_4,59.29,59.675,60.335,60.607,60.517,60.161,60.558,59.288,61.683,61.395,60.398,66.134,79.386,85.27,101.425,109.451,128.209,145.049,138.189,144.274,142.616,138.295,143.842,148.137,101.709,38.553,45.383,55.94,56.098,58.801,60.044,61.299,62.514,63.733,64.925,66.124,67.289,68.499,69.717,70.916
GBR,meat_consumption_4,417.357,397.888,386.149,381.705,357.857,361.808,383.318,362.331,371.592,378.922,391.864,341.636,360.323,361.524,375.175,375.794,378.413,390.139,372.32,350.343,313.089,298.989,283.289,300.712,302.245,333.527,324.12,305.577,299.124,302.0,302.996,303.243,303.534,303.815,303.864,303.964,303.925,304.111,304.37,304.515
IDN,meat_consumption_4,90.267,94.734,99.681,111.769,100.0,95.021,99.34,107.865,82.028,78.208,78.857,94.078,127.062,144.959,123.703,98.761,140.903,121.037,113.753,128.935,114.445,114.126,110.748,108.016,110.683,112.205,115.851,127.38,130.033,132.199,132.611,134.078,135.982,138.017,139.991,141.787,143.605,145.146,146.691,148.183
IND,meat_consumption_4,602.873,611.178,619.043,624.178,626.0,654.64,663.126,672.931,678.951,681.613,677.903,689.71,692.029,686.235,715.233,741.193,766.721,791.771,772.583,715.045,759.717,753.881,743.068,726.758,717.47,708.951,722.37,711.407,713.248,712.85,720.496,728.225,735.714,743.3,750.91,758.553,766.116,773.715,781.307,788.879
IRN,meat_consumption_4,352.5,409.0,410.81,390.612,383.0,383.0,410.45,417.0,438.991,399.112,435.798,443.636,449.705,416.85,427.3,432.0,435.994,454.272,348.364,357.374,378.563,381.227,383.306,358.31,367.711,382.548,361.61,374.003,393.057,397.2,397.455,397.818,398.051,398.263,398.312,398.4,398.319,398.432,398.585,398.667
ISR,meat_consumption_4,6.0,6.0,6.0,7.027,7.26,7.705,7.495,6.85,7.6,8.26,8.608,8.492,7.912,8.482,8.567,9.354,10.639,10.883,11.778,12.601,13.644,15.731,15.506,14.492,16.148,14.242,13.422,13.997,14.663,14.8,15.101,15.401,15.702,16.004,16.307,16.614,16.922,17.234,17.549,17.868
JPN,meat_consumption_4,105.12,107.753,113.532,95.979,80.637,82.76,71.57,63.16,60.62,50.97,46.34,44.52,42.67,36.67,46.46,53.06,53.49,38.59,39.05,39.44,31.62,31.86,27.456,18.168,20.39,18.505,20.047,22.192,24.565,25.0,23.011,22.622,22.231,21.836,21.433,21.032,20.624,20.225,19.828,19.427
KAZ,meat_consumption_4,278.0,270.0,232.9,263.3,239.8,192.076,165.559,146.292,119.182,98.922,95.293,97.064,101.62,96.065,101.659,106.771,115.167,123.669,131.272,135.048,142.681,149.201,153.791,157.117,162.199,165.172,168.984,170.611,169.047,172.948,175.961,178.82,181.631,184.455,187.224,189.927,192.606,195.249,197.878,200.494
KOR,meat_consumption_4,9.563,7.896,15.467,11.516,14.189,12.722,10.887,9.606,8.067,6.814,5.701,4.889,5.699,5.512,5.978,6.078,5.838,5.819,5.73,5.327,5.665,6.489,6.701,6.592,8.692,10.94,14.39,19.195,18.835,19.299,19.317,19.336,19.354,19.372,19.39,19.408,19.426,19.445,19.463,19.481
MEX,meat_consumption_4,44.729,59.119,64.495,66.582,70.445,44.176,43.861,54.704,57.993,66.794,80.293,86.194,87.904,118.775,103.257,86.041,83.702,86.353,85.731,77.294,72.87,70.268,65.918,74.956,74.994,76.713,73.362,74.991,76.36,79.034,79.689,80.207,80.757,81.414,82.138,83.042,83.785,84.549,85.387,86.184
MYS,meat_consumption_4,7.594,7.767,9.44,9.244,9.052,12.201,14.842,13.247,13.391,14.223,14.346,16.74,15.258,12.973,15.571,16.206,17.606,19.585,19.915,20.551,24.424,21.144,25.215,30.03,35.681,38.464,37.681,43.14,40.866,38.501,40.031,41.419,42.858,44.262,45.684,47.079,48.485,49.858,51.269,52.686
NGA,meat_consumption_4,164.65,170.497,174.13,181.155,205.677,222.227,238.295,269.536,289.895,311.992,336.662,366.438,372.285,376.848,386.2,394.057,405.764,415.391,422.82,433.144,458.23,381.93,339.787,374.724,384.11,393.719,387.273,397.358,395.056,395.056,402.851,410.594,418.33,426.086,433.856,441.809,449.532,457.35,465.198,473.036
NOR,meat_consumption_4,23.308,24.464,25.014,25.447,27.152,27.486,27.734,25.126,23.705,22.917,24.372,25.073,25.463,24.786,26.454,26.308,25.721,26.237,26.714,25.311,25.821,25.043,25.591,26.791,26.536,27.283,26.888,28.255,27.936,27.772,27.583,27.467,27.344,27.214,27.078,26.946,26.804,26.676,26.551,26.419
NZL,meat_consumption_4,107.451,116.585,119.101,86.886,158.777,125.398,64.154,111.535,113.453,98.623,111.751,120.172,92.807,111.226,95.027,94.876,90.616,83.385,65.774,31.366,29.341,27.874,28.182,31.55,32.55,30.767,29.215,28.282,22.853,19.547,18.882,18.537,18.316,18.224,18.085,17.855,17.598,17.356,17.122,16.889
PAK,meat_consumption_4,483.985,518.994,555.943,594.847,636.935,683.12,433.492,434.009,444.878,455.275,463.708,478.615,491.214,501.425,513.344,526.69,392.873,400.807,410.328,416.462,421.984,427.377,434.782,456.375,461.196,468.794,458.963,467.084,469.692,471.4,477.9,484.314,490.707,497.178,503.633,510.066,516.484,522.901,529.338,535.772
PER,meat_consumption_4,35.224,29.235,28.559,26.913,25.937,26.556,27.003,28.177,29.009,36.91,37.611,38.124,37.264,38.254,40.212,40.342,40.656,40.519,39.77,39.614,39.803,40.41,41.553,41.35,40.593,39.068,39.786,39.0,39.004,39.004,38.891,39.027,39.183,39.165,39.245,39.291,39.466,39.416,39.234,39.22
PHL,meat_consumption_4,27.187,25.037,26.649,28.599,30.255,30.809,30.674,31.047,31.539,33.666,34.25,34.139,34.114,33.567,34.061,36.621,45.527,50.137,53.893,55.034,56.092,56.272,54.963,55.296,56.239,57.476,58.781,61.046,61.76,61.76,63.051,64.324,65.685,67.128,68.672,70.281,71.952,73.592,75.249,76.895
PRY,meat_consumption_4,3.421,3.333,3.238,3.273,3.31,3.139,3.132,3.182,3.388,3.438,3.264,3.248,3.273,3.234,3.661,3.287,3.403,3.285,3.2,3.435,3.59,3.67,3.755,3.795,3.834,3.693,3.927,3.984,3.93,3.93,3.956,3.984,4.012,4.034,4.054,4.074,4.093,4.112,4.129,4.146
RUS,meat_consumption_4,0.0,0.0,348.367,371.909,317.324,291.464,238.658,217.003,191.276,146.207,142.092,135.598,139.443,136.143,145.717,161.075,169.768,179.142,205.258,190.957,193.377,200.824,199.274,199.474,208.641,206.098,215.817,217.77,213.729,211.009,211.576,211.147,211.574,212.052,212.45,212.848,213.245,213.702,214.174,214.611
SAU,meat_consumption_4,105.132,109.555,116.804,152.509,136.885,154.471,151.651,148.499,141.307,146.3,155.152,142.014,144.01,151.371,154.396,168.003,147.575,157.637,138.459,131.035,155.655,172.587,182.214,184.996,197.798,200.988,172.969,174.389,168.155,171.76,173.018,174.507,175.976,177.286,178.489,179.558,180.543,181.408,182.211,182.937
THA,meat_consumption_4,1.325,1.414,1.691,1.31,1.2,1.1,0.818,0.852,0.93,0.925,1.027,1.391,1.318,1.414,1.93,2.069,1.992,2.492,2.38,2.232,2.292,2.693,2.982,3.3,3.304,3.376,3.705,3.385,3.681,3.285,3.374,3.462,3.555,3.642,3.729,3.809,3.889,3.962,4.038,4.114
TUR,meat_consumption_4,362.888,363.517,360.266,359.373,324.564,408.504,364.842,376.097,372.194,366.643,372.987,350.544,332.488,311.996,318.008,315.052,315.145,322.922,320.159,299.6,274.597,295.395,322.073,351.261,379.245,405.062,406.951,401.485,400.985,401.985,403.083,404.178,405.933,407.692,409.168,410.357,411.618,412.772,414.024,415.304
UKR,meat_consumption_4,45.8,39.7,35.0,30.0,42.636,38.185,31.235,23.724,20.578,18.875,16.814,15.22,16.43,16.4,16.475,16.215,14.6,15.3,17.116,17.801,21.103,19.604,19.718,18.719,14.41,13.695,13.403,13.503,13.803,13.803,13.849,13.897,13.93,13.956,13.98,14.0,14.02,14.035,14.048,14.058
USA,meat_consumption_4,180.365,179.985,176.206,172.812,157.085,156.897,151.266,150.776,163.105,162.407,160.538,166.772,172.788,166.535,168.999,161.366,161.473,174.677,155.466,153.591,143.761,133.758,135.839,146.832,158.367,165.402,165.788,177.269,189.068,165.54,162.152,162.33,164.193,165.057,165.845,166.966,167.744,168.741,169.797,170.753
VNM,meat_consumption_4,2.79,2.34,2.34,2.648,3.22,4.17,4.65,4.644,4.71,4.7,4.825,4.917,5.439,6.077,7.914,9.297,10.652,11.599,9.724,9.548,9.246,8.807,8.07,9.273,11.363,13.336,13.228,17.3,18.0,18.0,18.648,19.29,19.928,20.57,21.203,21.85,22.477,23.116,23.758,24.397
ZAF,meat_consumption_4,168.477,169.023,178.516,164.846,196.4,155.765,164.285,163.139,161.125,186.285,164.066,146.713,145.494,143.83,166.946,166.949,178.666,208.12,198.552,185.295,175.008,163.417,171.925,192.734,202.84,188.406,188.225,172.697,171.621,170.9,172.539,173.92,175.465,176.923,178.441,179.891,181.33,182.702,184.1,185.526
ARG,meat_consumption_per_capita_1,55.559,51.817,50.98,51.678,48.594,43.693,44.219,44.86,41.633,45.76,45.282,43.988,40.505,41.864,43.711,42.824,44.105,47.41,47.251,46.961,39.622,38.402,40.476,44.056,40.956,41.079,39.042,39.575,38.881,37.985,36.894,36.853,36.894,36.758,36.631,36.521,36.386,36.264,36.144,36.035
AUS,meat_consumption_per_capita_1,0.0,27.942,26.405,26.37,25.662,25.526,27.453,29.0,26.765,28.095,26.515,24.606,25.263,25.958,28.719,27.19,27.03,24.166,23.343,23.454,25.31,23.287,22.435,23.744,22.587,20.519,19.473,21.251,19.965,19.698,19.438,19.187,19.088,18.864,18.518,18.439,18.365,18.29,18.217,18.149
BRA,meat_consumption_per_capita_1,20.868,20.68,20.542,20.813,23.259,25.906,26.468,24.713,23.457,24.953,25.237,24.993,25.699,29.696,27.678,29.722,32.082,30.758,26.987,25.673,26.325,25.903,26.161,27.765,26.041,24.968,25.391,25.373,25.263,25.187,24.445,24.605,24.559,24.618,24.646,24.754,24.687,24.595,24.502,24.434
CAN,meat_consumption_per_capita_1,25.002,24.456,23.83,22.805,23.226,23.309,23.048,23.106,23.379,23.8,23.411,22.5,22.415,23.655,22.711,21.994,21.711,22.146,21.473,20.434,20.305,19.804,20.012,19.813,19.177,17.633,18.316,18.273,18.422,17.623,17.578,17.394,17.188,16.994,16.837,16.646,16.461,16.315,16.165,16.021
CHE,meat_consumption_per_capita_1,18.356,18.579,18.377,17.58,15.98,15.829,16.051,15.999,15.704,15.542,14.682,14.538,14.781,14.504,14.433,14.545,14.848,14.651,15.285,15.121,15.469,15.618,15.21,14.34,14.192,13.84,13.954,13.415,13.305,13.171,13.107,13.01,12.929,12.845,12.761,12.685,12.608,12.571,12.538,12.506
CHL,meat_consumption_per_capita_1,12.969,12.568,12.103,13.6,14.557,15.833,16.445,17.479,16.421,15.401,15.658,14.054,14.699,15.894,16.402,17.445,15.129,16.218,15.115,15.154,15.412,14.162,14.675,17.161,17.602,17.441,18.855,17.548,18.67,20.118,20.262,20.461,20.666,20.859,21.037,21.201,21.358,21.509,21.669,21.831
CHN,meat_consumption_per_capita_1,0.639,0.75,1.001,1.256,1.523,1.954,1.944,2.402,2.601,2.739,2.685,2.716,2.782,2.864,2.928,2.934,2.953,3.127,3.126,3.193,3.187,3.073,3.106,3.23,3.222,3.329,3.383,3.523,3.617,4.086,4.186,4.143,4.095,4.047,4.003,3.962,3.973,3.978,3.986,3.993
COL,meat_consumption_per_capita_1,15.011,13.559,11.556,11.627,12.319,13.129,13.461,13.855,13.656,12.602,12.984,11.866,11.36,10.6,11.548,12.659,12.852,12.24,11.91,10.891,11.681,12.32,12.633,12.112,12.17,12.277,11.335,10.49,10.624,8.53,8.62,8.717,8.81,8.906,9.003,9.103,9.203,9.303,9.406,9.51
EGY,meat_consumption_per_capita_1,4.907,5.562,5.441,6.053,6.229,5.983,6.18,6.745,6.797,7.039,7.7,6.431,7.868,7.333,7.464,8.261,9.121,9.289,8.393,8.549,9.283,8.694,9.296,8.951,9.179,9.117,8.881,8.176,7.721,7.819,7.8,7.84,7.863,7.887,7.914,7.946,7.965,7.986,8.006,8.027
ETH,meat_consumption_per_capita_1,0.0,0.0,0.0,3.008,2.904,2.87,3.159,3.099,3.054,3.141,3.093,3.102,3.5,3.264,3.152,3.196,3.32,3.137,3.198,2.907,3.345,3.186,2.557,2.513,2.738,2.74,2.654,2.611,2.539,2.497,2.486,2.484,2.479,2.473,2.467,2.463,2.457,2.451,2.446,2.441
GBR,meat_consumption_per_capita_1,12.722,12.987,12.632,10.463,10.359,10.688,9.391,10.326,10.039,10.181,10.602,10.654,11.599,11.749,12.088,12.046,12.308,12.421,11.949,11.389,11.864,11.616,11.281,11.024,11.349,11.633,11.697,11.706,11.735,11.408,11.329,11.362,11.341,11.245,11.185,11.144,11.085,11.032,11.055,11.031
IDN,meat_consumption_per_capita_1,1.18,1.188,1.292,1.475,1.413,1.314,1.46,1.492,1.364,1.289,1.398,1.32,1.249,1.338,1.579,1.312,1.443,1.303,1.454,1.557,1.702,1.721,1.662,1.682,1.732,1.658,1.888,1.89,2.034,2.159,2.178,2.203,2.226,2.25,2.274,2.301,2.327,2.355,2.384,2.414
IND,meat_consumption_per_capita_1,1.65,1.623,1.616,1.576,1.542,1.488,1.468,1.435,1.427,1.396,1.299,1.31,1.257,1.18,1.156,1.089,1.064,1.071,1.066,1.094,0.936,0.752,0.67,0.457,0.348,0.449,0.469,0.427,0.563,0.532,0.532,0.536,0.538,0.541,0.542,0.546,0.548,0.55,0.552,0.552
IRN,meat_consumption_per_capita_1,4.302,3.56,3.436,3.858,3.708,3.57,4.388,4.317,4.265,3.523,3.291,3.558,3.867,3.809,4.214,3.954,4.726,4.961,4.426,4.45,5.647,5.192,4.561,4.496,4.784,5.007,5.274,5.459,5.65,5.711,5.77,5.852,5.926,6.0,6.075,6.152,6.223,6.295,6.366,6.439
ISR,meat_consumption_per_capita_1,9.966,12.32,10.094,10.652,13.894,12.343,13.616,14.431,13.659,13.468,16.532,15.167,17.774,18.342,8.98,16.87,21.967,19.333,23.448,17.855,18.893,19.583,18.165,23.298,18.672,18.7,20.296,20.909,22.851,23.16,23.214,23.295,23.378,23.467,23.563,23.665,23.768,23.876,23.988,24.105
JPN,meat_consumption_per_capita_1,6.0,6.401,6.65,7.286,8.003,8.408,7.966,8.073,8.186,8.174,8.618,7.03,7.128,6.98,6.962,6.234,6.188,6.38,6.386,6.492,6.707,6.722,6.731,6.727,6.689,6.292,6.873,7.001,7.356,7.541,7.643,7.657,7.673,7.598,7.605,7.619,7.626,7.637,7.652,7.666
KAZ,meat_consumption_per_capita_1,0.0,0.0,25.195,27.851,26.532,22.513,19.45,16.361,15.689,15.725,14.607,13.929,14.239,15.029,15.742,16.8,18.096,19.274,19.537,18.667,18.486,18.631,18.07,18.322,18.378,18.462,18.403,19.155,19.779,19.698,19.828,19.932,20.073,20.284,20.397,20.506,20.602,20.698,20.795,20.891
KOR,meat_consumption_per_capita_1,0.0,5.084,5.668,5.293,5.649,6.483,6.714,7.588,6.808,8.084,8.449,7.322,8.331,8.03,6.47,5.976,6.641,7.046,7.191,7.424,7.981,8.819,8.943,9.337,9.871,10.008,10.019,10.441,10.83,11.822,11.85,11.908,11.968,12.031,12.096,12.163,12.234,12.279,12.34,12.404
MEX,meat_consumption_per_capita_1,7.384,8.976,9.367,8.495,9.978,8.551,9.93,10.191,10.983,10.882,10.79,11.048,11.824,10.955,10.407,10.671,10.01,10.704,11.219,10.553,9.966,9.056,9.055,9.023,8.911,8.913,9.134,9.162,9.243,9.167,8.971,8.986,8.996,9.036,9.096,9.1,9.128,9.108,9.092,9.06
MYS,meat_consumption_per_capita_1,2.584,2.912,2.949,3.001,3.235,3.53,3.826,3.743,3.276,3.549,4.203,2.491,4.403,4.354,5.203,5.105,4.832,4.717,4.258,4.562,4.587,4.835,4.928,5.322,5.387,5.823,5.403,5.219,5.297,5.325,5.409,5.524,5.627,5.727,5.822,5.911,6.0,6.081,6.166,6.251
NGA,meat_consumption_per_capita_1,1.501,1.474,1.469,1.665,1.761,1.731,1.776,1.82,1.795,1.753,1.597,1.764,1.947,1.64,1.672,1.54,1.275,1.568,1.528,1.497,1.357,1.508,1.21,1.544,1.511,1.483,1.393,1.368,1.343,1.313,1.306,1.3,1.301,1.297,1.293,1.286,1.278,1.27,1.263,1.255
NOR,meat_consumption_per_capita_1,12.641,12.975,13.141,13.379,14.417,14.104,14.382,14.263,14.585,14.043,14.435,13.897,13.929,14.255,14.426,14.574,13.835,14.074,14.39,13.613,12.996,13.297,13.655,13.773,12.624,14.053,14.061,13.71,12.88,12.668,12.806,12.926,13.053,12.982,12.925,12.86,12.802,12.741,12.686,12.628
NZL,meat_consumption_per_capita_1,26.072,24.03,24.801,24.151,21.023,28.218,29.057,25.258,21.919,23.146,23.267,21.663,16.952,23.15,20.182,15.749,17.187,20.094,20.143,17.779,17.165,16.522,15.779,15.883,15.402,13.864,12.519,12.063,11.837,11.609,11.548,11.663,11.371,11.36,11.349,11.34,11.335,11.327,11.321,11.318
PAK,meat_consumption_per_capita_1,4.334,4.398,4.498,4.603,4.716,4.826,3.984,4.484,4.477,4.481,4.477,4.489,4.505,4.507,4.538,4.566,5.816,5.862,5.887,5.944,5.999,6.078,6.108,6.194,6.228,6.266,6.385,6.514,6.451,6.391,6.422,6.469,6.51,6.55,6.588,6.628,6.666,6.703,6.741,6.779
PER,meat_consumption_per_capita_1,3.96,3.755,3.533,3.413,3.185,3.388,3.419,3.625,3.638,3.816,3.602,3.554,3.652,3.758,3.846,4.029,4.165,4.16,4.097,4.077,4.22,4.328,4.449,4.568,4.563,4.506,4.368,4.229,4.242,4.21,4.143,4.169,4.163,4.176,4.192,4.203,4.233,4.223,4.233,4.238
PHL,meat_consumption_per_capita_1,1.567,1.538,1.6,1.686,1.855,2.118,2.345,2.693,2.635,3.17,3.371,3.149,3.257,3.195,3.388,3.061,3.01,3.362,3.339,3.053,3.185,3.039,2.93,2.853,3.07,3.011,3.136,3.162,3.161,3.152,3.129,3.152,3.17,3.189,3.204,3.225,3.244,3.264,3.282,3.301
PRY,meat_consumption_per_capita_1,14.26,28.434,31.769,29.731,29.124,29.971,28.547,27.789,26.481,30.244,23.977,22.475,27.416,22.708,13.325,8.634,9.424,10.172,10.299,10.061,9.298,18.672,7.965,9.305,11.714,9.808,11.692,14.143,12.718,12.05,12.034,12.095,12.147,12.186,12.191,12.19,12.175,12.159,12.149,12.138
RUS,meat_consumption_per_capita_1,0.0,0.0,20.201,18.901,17.954,15.605,15.142,15.255,14.003,11.95,10.265,11.224,11.962,12.219,12.085,12.703,12.042,13.3,14.317,12.955,12.642,13.383,13.91,12.193,11.912,10.778,10.024,9.842,9.996,10.07,10.034,10.02,10.029,10.041,10.053,10.073,10.084,10.097,10.114,10.13
SAU,meat_consumption_per_capita_1,3.017,3.452,3.532,1.987,2.097,3.611,2.457,2.318,2.887,2.064,2.852,1.737,2.717,2.692,3.264,2.995,3.764,4.018,4.017,4.023,4.384,4.189,4.48,4.265,4.085,4.35,4.001,3.715,3.679,3.83,3.868,3.917,3.969,4.021,4.073,4.125,4.178,4.231,4.286,4.342
THA,meat_consumption_per_capita_1,3.915,3.899,3.827,4.045,3.258,4.224,3.76,3.271,2.864,2.564,2.217,1.615,1.538,1.547,1.638,1.635,1.718,1.911,1.774,1.785,1.975,1.77,1.613,1.551,1.474,1.283,1.308,1.389,1.306,1.229,1.233,1.237,1.246,1.253,1.257,1.259,1.261,1.261,1.262,1.263
TUR,meat_consumption_per_capita_1,4.955,4.761,4.241,4.13,3.783,3.703,3.808,4.464,4.15,3.986,3.964,3.638,3.532,3.191,3.927,3.373,3.523,4.344,3.726,3.16,6.387,7.079,7.546,7.867,7.882,9.217,9.342,8.599,9.839,9.474,9.633,9.818,9.966,10.117,10.284,10.452,10.611,10.76,10.916,11.077
UKR,meat_consumption_per_capita_1,0.0,0.0,20.716,17.544,15.857,13.499,11.023,10.919,9.586,9.21,11.912,7.978,8.212,8.274,8.004,8.249,8.839,7.998,7.585,6.798,6.417,6.041,5.815,6.325,6.111,5.496,5.345,5.016,5.027,4.622,4.644,4.685,4.73,4.768,4.799,4.827,4.849,4.872,4.897,4.922
USA,meat_consumption_per_capita_1,30.673,30.46,30.359,29.718,30.772,30.956,31.05,30.316,30.658,30.972,31.067,30.378,31.038,29.803,30.33,30.049,30.171,29.903,28.71,28.037,27.257,26.262,26.083,25.595,24.627,24.599,25.308,25.939,26.057,26.324,26.195,26.081,25.342,25.318,25.309,25.394,25.58,25.712,25.945,25.969
VNM,meat_consumption_per_capita_1,1.686,1.661,1.702,1.648,1.664,1.675,1.61,1.485,1.457,1.577,1.622,1.678,1.711,1.736,1.878,2.199,2.506,3.316,4.199,4.966,4.643,6.394,6.545,8.328,10.075,9.75,9.63,10.584,8.935,8.145,8.254,8.422,8.575,8.727,8.88,9.041,9.185,9.333,9.479,9.628
ZAF,meat_consumption_per_capita_1,13.4,13.495,12.769,11.516,9.969,9.829,9.35,8.979,8.834,10.424,9.468,9.119,9.108,9.386,10.034,10.971,12.046,11.89,11.099,11.095,12.103,11.719,11.635,12.372,12.585,13.099,13.132,12.067,11.751,11.142,11.395,11.692,11.968,12.242,12.514,12.791,13.054,13.318,13.581,13.844
ARG,meat_consumption_per_capita_2,3.674,3.612,4.487,4.851,4.837,5.086,4.889,4.747,5.475,6.148,5.989,4.783,4.445,3.951,4.255,4.825,5.93,6.045,5.933,6.415,6.137,6.582,6.635,7.879,8.026,8.631,9.674,10.421,11.054,11.374,11.476,11.542,11.551,11.537,11.531,11.557,11.552,11.568,11.578,11.6
AUS,meat_consumption_per_capita_2,0.0,14.521,15.256,15.082,15.646,15.652,14.478,14.858,15.257,15.193,15.651,14.892,16.418,17.593,17.718,18.863,18.409,20.221,19.17,19.744,20.129,19.486,20.502,19.9,20.174,21.77,21.4,22.062,21.395,20.252,20.212,20.004,20.086,20.196,20.22,20.304,20.345,20.412,20.459,20.525
BRA,meat_consumption_per_capita_2,5.562,5.718,5.809,6.004,6.204,6.76,7.322,6.81,7.226,7.246,10.759,10.997,10.51,9.585,9.084,8.899,10.166,9.997,10.348,10.653,11.011,11.65,11.669,11.531,12.312,12.187,11.702,12.149,12.711,12.848,12.753,12.857,13.063,12.918,12.988,13.077,13.158,13.248,13.326,13.423
CAN,meat_consumption_per_capita_2,20.597,20.367,22.342,21.749,22.368,21.894,20.478,20.035,22.595,23.669,22.577,22.805,21.952,19.811,21.006,18.148,18.442,19.695,18.701,18.482,17.28,16.741,17.435,16.326,16.093,17.994,15.976,16.374,17.0,16.259,15.881,15.898,15.793,15.773,15.748,15.672,15.564,15.507,15.446,15.331
CHE,meat_consumption_per_capita_2,31.962,31.265,30.692,30.009,28.034,28.559,26.211,25.821,27.096,26.609,26.437,26.502,26.71,26.253,25.987,26.365,26.753,26.389,26.024,25.522,26.242,25.672,24.277,23.995,24.333,23.436,23.184,22.949,22.596,22.545,22.46,22.37,22.247,22.171,22.076,21.988,21.905,21.826,21.747,21.681
CHL,meat_consumption_per_capita_2,7.166,7.024,7.501,8.096,8.672,9.332,9.836,10.522,11.588,12.319,12.623,13.635,13.41,14.22,13.352,13.85,16.253,16.756,18.143,17.214,17.693,18.643,19.605,19.686,18.019,17.622,18.262,19.409,24.473,24.587,24.762,24.975,25.169,25.373,25.587,25.81,26.038,26.276,26.519,26.776
CHN,meat_consumption_per_capita_2,14.959,15.851,16.951,18.159,19.674,19.939,19.546,22.113,23.708,23.64,23.986,24.267,24.531,24.999,25.322,26.425,26.893,24.774,26.815,28.296,29.34,29.319,30.943,31.796,32.72,31.752,30.947,30.671,30.253,24.367,22.718,23.679,25.389,26.94,28.499,30.072,30.692,30.807,30.92,31.052
COL,meat_consumption_per_capita_2,3.047,2.989,2.97,2.911,2.884,2.896,2.719,2.173,1.638,2.223,2.13,1.976,2.127,2.344,2.409,2.36,2.711,3.259,3.154,3.102,3.521,3.995,6.1,5.018,5.454,5.983,6.66,7.204,8.072,8.98,8.994,9.198,9.345,9.508,9.688,9.871,10.071,10.232,10.408,10.594
EGY,meat_consumption_per_capita_2,0.033,0.033,0.038,0.037,0.035,0.034,0.034,0.035,0.095,0.035,0.035,0.033,0.03,0.028,0.033,0.022,0.029,0.038,0.021,0.008,0.004,0.007,0.008,0.007,0.005,0.005,0.006,0.021,0.002,0.002,0.002,0.002,0.002,0.002,0.002,0.002,0.002,0.002,0.002,0.002
ETH,meat_consumption_per_capita_2,0.0,0.0,0.0,0.017,0.016,0.017,0.017,0.017,0.017,0.018,0.017,0.018,0.017,0.018,0.017,0.017,0.018,0.017,0.016,0.015,0.016,0.016,0.016,0.017,0.02,0.016,0.016,0.015,0.015,0.015,0.014,0.014,0.014,0.014,0.014,0.014,0.013,0.013,0.013,0.013
GBR,meat_consumption_per_capita_2,17.971,17.975,17.823,17.736,18.151,17.365,17.709,17.589,18.048,17.543,17.113,17.563,17.694,18.369,17.967,18.083,17.843,18.416,17.123,16.909,16.638,16.416,16.045,15.667,16.036,16.383,17.06,16.626,16.834,16.046,15.816,15.905,15.914,15.91,15.913,15.881,15.809,15.76,15.711,15.672
IDN,meat_consumption_per_capita_2,2.351,2.429,2.435,2.544,2.657,2.268,2.341,2.438,2.358,2.057,1.529,1.525,1.666,1.761,0.678,0.607,0.678,0.773,0.697,0.653,0.683,0.716,0.73,0.931,0.933,1.015,1.033,1.02,1.019,1.011,1.008,1.021,1.03,1.036,1.043,1.048,1.052,1.054,1.056,1.06
IND,meat_consumption_per_capita_2,0.37,0.375,0.383,0.378,0.373,0.369,0.445,0.363,0.356,0.35,0.345,0.34,0.335,0.331,0.307,0.29,0.272,0.255,0.247,0.244,0.235,0.228,0.221,0.216,0.211,0.205,0.187,0.178,0.173,0.169,0.168,0.165,0.163,0.16,0.157,0.155,0.152,0.149,0.145,0.142
IRN,meat_consumption_per_capita_2,0.0,0.0,0.0,0.0,0.0,0.0,0.0,0.0,0.0,0.0,0.0,0.0,0.0,0.0,0.0,0.0,0.0,0.0,0.0,0.0,0.0,0.0,0.0,0.0,0.0,0.0,0.0,0.0,0.0,0.0,0.0,0.0,0.0,0.0,0.0,0.0,0.0,0.0,0.0,0.0
ISR,meat_consumption_per_capita_2,1.59,1.569,1.503,1.358,1.312,1.498,1.479,1.637,1.6,1.137,1.916,1.995,2.053,2.134,2.164,2.191,2.009,2.043,1.98,2.08,1.964,1.912,1.945,1.602,1.512,1.496,1.499,1.354,1.351,1.331,1.311,1.292,1.274,1.256,1.239,1.222,1.206,1.19,1.174,1.159
JPN,meat_consumption_per_capita_2,12.98,13.003,13.006,12.901,12.976,13.029,13.678,12.693,12.586,12.864,13.333,13.659,14.335,14.113,15.052,14.951,13.995,14.261,14.509,14.159,14.348,14.598,14.515,14.489,14.678,14.96,15.377,15.942,16.003,16.156,16.13,16.111,16.064,16.022,15.987,15.959,15.931,15.91,15.886,15.87
KAZ,meat_consumption_per_capita_2,0.0,0.0,10.469,9.373,7.543,5.297,5.344,4.219,4.184,5.008,4.471,6.091,6.016,5.771,6.233,6.234,6.434,6.513,7.15,6.684,6.585,7.053,6.934,6.583,6.147,5.561,5.249,5.283,4.809,4.703,4.664,4.65,4.624,4.599,4.578,4.559,4.542,4.527,4.512,4.499
KOR,meat_consumption_per_capita_2,0.0,9.938,13.314,13.41,13.829,14.384,15.35,15.126,14.906,17.096,15.956,16.564,17.013,20.876,19.283,18.856,22.715,23.956,24.179,23.472,24.309,23.378,24.173,25.31,25.668,27.92,29.098,29.536,30.604,31.229,31.565,31.647,31.697,31.762,31.834,31.917,32.004,32.102,32.199,32.31
MEX,meat_consumption_per_capita_2,7.339,7.895,7.832,7.635,8.21,8.045,7.768,8.001,8.461,8.667,9.228,9.416,9.696,9.989,10.234,10.079,10.275,10.292,10.191,11.085,10.989,10.332,11.169,11.663,11.733,12.527,12.84,13.305,14.05,14.401,14.42,14.494,14.532,14.571,14.617,14.667,14.716,14.768,14.817,14.875
MYS,meat_consumption_per_capita_2,10.059,9.992,10.489,10.685,11.224,10.922,10.418,10.251,9.427,5.818,5.822,6.654,6.805,6.158,6.315,6.447,6.555,5.923,5.711,5.852,6.835,6.187,6.018,5.909,5.913,6.154,5.493,5.384,5.43,5.314,5.263,5.237,5.195,5.155,5.119,5.086,5.055,5.026,4.998,4.974
NGA,meat_consumption_per_capita_2,0.875,0.853,0.876,0.888,0.9,0.966,0.974,0.981,0.987,1.021,1.004,1.028,1.167,1.059,1.073,1.086,1.102,1.115,1.129,1.143,1.152,1.166,1.162,1.156,1.117,1.147,1.153,1.137,1.119,1.087,1.079,1.082,1.072,1.072,1.064,1.061,1.054,1.05,1.044,1.039
NOR,meat_consumption_per_capita_2,15.388,15.758,16.045,16.691,17.187,17.998,19.023,17.953,18.775,17.403,18.018,18.983,18.083,18.669,19.254,19.81,19.387,20.813,20.377,20.013,20.417,20.799,20.419,19.859,20.004,20.966,21.109,20.862,20.974,21.03,21.102,21.082,21.033,21.007,20.965,20.938,20.904,20.879,20.847,20.825
NZL,meat_consumption_per_capita_2,10.972,10.554,10.968,11.593,13.053,12.425,12.508,11.86,12.507,13.388,13.382,12.548,12.959,13.784,14.847,15.039,16.012,16.083,16.066,15.913,14.81,15.978,16.108,15.894,16.365,17.787,17.451,18.574,18.934,18.938,19.063,19.116,19.151,19.196,19.242,19.293,19.344,19.397,19.447,19.506
PAK,meat_consumption_per_capita_2,0.0,0.0,0.0,0.0,0.0,0.0,0.0,0.0,0.0,0.0,0.0,0.0,0.0,0.0,0.0,0.001,0.001,0.0,0.0,0.0,0.0,0.0,0.0,0.0,0.0,0.0,0.0,0.0,0.0,0.0,0.0,0.0,0.0,0.0,0.0,0.0,0.0,0.0,0.0,0.0
PER,meat_consumption_per_capita_2,2.377,2.411,2.508,2.545,2.579,2.612,2.665,2.733,2.205,2.028,2.768,2.772,2.722,2.698,2.842,2.976,3.076,3.2,3.183,3.143,3.191,3.192,3.307,3.423,3.607,3.814,3.914,4.103,4.131,4.13,4.038,4.138,4.177,4.239,4.304,4.368,4.466,4.486,4.549,4.616
PHL,meat_consumption_per_capita_2,8.623,8.618,7.894,8.555,8.658,9.094,11.386,11.721,11.953,12.392,12.5,12.714,13.146,13.199,12.783,12.989,14.069,14.305,14.144,14.214,14.368,14.141,14.012,14.189,14.04,14.356,14.855,14.671,14.965,15.222,14.898,14.918,14.977,15.066,15.137,15.199,15.275,15.339,15.408,15.488
PRY,meat_consumption_per_capita_2,21.868,21.748,22.257,21.774,21.436,21.325,18.596,18.491,18.306,18.111,23.141,20.709,21.326,11.722,21.326,20.317,20.47,19.329,18.505,18.382,20.282,20.593,20.714,21.247,21.472,21.668,21.9,21.831,21.639,21.561,21.479,21.584,21.629,21.711,21.77,21.823,21.878,21.932,21.984,22.043
RUS,meat_consumption_per_capita_2,0.0,0.0,0.0,14.679,13.219,12.514,11.679,11.827,11.734,10.714,9.545,10.232,11.96,11.377,11.754,12.932,14.002,16.579,18.132,17.43,16.786,18.52,18.221,19.239,17.978,18.178,19.182,20.038,19.953,20.582,20.714,20.918,20.979,21.092,21.216,21.346,21.486,21.641,21.781,21.95
SAU,meat_consumption_per_capita_2,0.0,0.0,0.0,0.0,0.0,0.0,0.0,0.0,0.0,0.0,0.079,0.102,0.093,0.079,0.084,0.155,0.132,0.167,0.001,0.002,0.177,0.238,0.247,0.121,0.2,0.198,0.169,0.495,0.486,0.409,0.402,0.396,0.39,0.385,0.379,0.374,0.37,0.365,0.361,0.357
THA,meat_consumption_per_capita_2,4.632,5.456,5.837,6.116,6.461,6.373,6.609,6.799,5.872,5.634,8.493,8.443,9.384,10.302,10.364,10.686,11.558,11.673,10.31,9.975,10.209,9.929,10.619,10.774,10.528,10.372,10.148,9.972,9.899,9.863,9.873,9.969,10.031,10.075,10.124,10.152,10.18,10.187,10.206,10.23
TUR,meat_consumption_per_capita_2,0.006,0.005,0.004,0.003,0.005,0.005,0.001,0.001,0.002,0.001,0.002,0.001,0.001,0.001,0.0,0.0,0.0,0.0,0.0,0.0,0.0,0.0,0.0,0.0,0.0,0.0,0.0,0.0,0.0,0.0,0.0,0.0,0.0,0.0,0.0,0.0,0.0,0.0,0.0,0.0
UKR,meat_consumption_per_capita_2,0.0,0.0,17.716,15.327,13.12,12.338,12.144,10.89,10.607,10.107,11.914,9.554,9.794,10.267,9.9,9.046,9.792,11.943,13.502,11.661,13.043,13.738,16.069,16.161,13.405,12.863,13.144,13.01,13.009,12.924,12.86,13.037,13.223,13.44,13.629,13.833,14.032,14.233,14.434,14.643
USA,meat_consumption_per_capita_2,22.496,22.795,24.06,23.746,24.054,23.708,22.144,21.903,23.541,24.075,23.414,22.988,23.581,23.726,23.522,22.925,22.636,23.265,22.654,22.914,21.851,20.86,20.885,21.408,21.172,22.706,22.883,22.893,23.246,24.002,23.983,23.878,23.793,23.725,23.85,23.924,23.961,23.903,23.861,23.833
VNM,meat_consumption_per_capita_2,8.147,7.731,8.857,9.226,9.972,10.38,10.698,10.972,11.547,12.271,13.646,14.302,15.608,16.836,21.186,21.07,23.812,23.294,25.071,27.278,26.871,27.192,27.708,28.666,29.652,29.843,30.27,30.508,31.399,25.953,25.017,25.927,26.819,27.735,28.639,29.563,30.843,31.976,32.381,32.72
ZAF,meat_consumption_per_capita_2,2.703,2.302,2.561,2.364,2.318,2.568,2.455,2.322,2.188,2.301,2.091,2.097,2.063,2.802,3.005,2.809,3.279,3.361,3.062,3.299,3.519,3.58,3.654,3.513,3.365,3.523,3.454,3.388,3.698,3.686,3.699,3.751,3.796,3.842,3.89,3.937,3.985,4.035,4.085,4.137
ARG,meat_consumption_per_capita_3,8.66,8.88,10.027,15.442,18.392,18.662,19.63,19.005,19.803,23.041,22.902,22.024,15.424,16.121,18.888,21.145,24.338,25.742,27.954,29.733,31.511,35.01,36.864,35.685,36.692,39.253,38.925,38.343,38.464,37.921,38.088,38.117,38.157,38.201,38.247,38.295,38.348,38.404,38.464,38.528
AUS,meat_consumption_per_capita_3,22.051,22.35,22.436,23.807,24.473,24.217,24.615,25.791,27.643,28.002,29.682,29.225,32.494,31.407,32.81,34.092,35.187,34.769,33.261,33.578,37.645,39.499,40.319,40.161,40.806,41.989,44.512,43.349,42.353,43.488,43.792,44.132,44.504,44.842,44.711,44.803,44.889,44.997,45.122,45.229
BRA,meat_consumption_per_capita_3,12.513,13.814,14.677,15.198,16.602,20.161,19.129,20.615,22.485,24.823,26.059,25.125,27.132,28.596,30.151,24.429,26.262,27.583,31.514,30.196,39.014,40.501,39.835,39.311,39.739,40.97,40.316,40.906,40.109,40.298,40.762,40.77,40.671,40.634,40.592,40.543,40.476,40.439,40.405,40.374
CAN,meat_consumption_per_capita_3,24.42,24.395,24.423,25.037,26.645,26.324,26.128,26.615,27.206,28.395,29.707,30.892,31.212,31.337,31.556,31.689,31.929,32.011,32.082,31.679,31.341,30.327,30.065,30.353,31.163,32.557,33.188,33.413,34.836,35.33,35.527,35.786,36.086,36.37,36.566,36.775,36.978,37.178,37.362,37.554
CHE,meat_consumption_per_capita_3,9.741,10.174,9.821,9.564,10.116,9.96,10.723,10.774,10.967,10.778,11.807,12.462,12.751,13.116,13.004,12.551,11.922,13.674,14.563,14.543,14.529,14.749,14.693,14.888,15.537,15.741,15.906,15.503,14.666,14.729,14.769,14.841,14.91,15.017,15.131,15.243,15.354,15.465,15.576,15.689
CHL,meat_consumption_per_capita_3,7.83,8.647,12.875,15.173,16.684,19.172,20.057,19.879,21.392,21.666,23.377,24.777,23.517,23.584,25.923,25.725,29.403,30.374,28.649,27.466,29.038,31.549,31.684,32.275,32.024,33.924,35.891,35.967,36.36,36.138,37.073,37.373,37.679,37.981,38.298,38.614,38.941,39.281,39.639,40.009
CHN,meat_consumption_per_capita_3,0.0,2.898,3.267,4.131,4.698,5.943,5.917,6.748,7.442,7.739,8.35,8.089,8.118,8.436,8.28,8.856,9.093,9.755,10.351,10.631,10.771,10.924,11.64,11.452,11.018,11.424,11.89,11.765,12.323,14.022,14.191,13.998,13.821,13.839,13.868,13.9,13.963,14.033,14.107,14.181
COL,meat_consumption_per_capita_3,7.666,9.787,10.294,11.086,12.229,13.397,11.311,10.467,11.913,11.541,11.697,13.609,14.483,14.821,15.012,16.151,17.781,19.133,20.599,20.572,21.392,21.367,21.956,24.744,26.051,27.072,28.3,29.509,30.669,31.281,31.704,32.316,32.772,33.325,33.899,34.471,35.119,35.617,36.181,36.764
EGY,meat_consumption_per_capita_3,4.17,4.558,4.654,4.745,5.049,5.62,5.729,7.201,6.982,7.566,7.494,7.682,9.013,8.173,7.591,7.618,8.185,9.074,8.241,8.924,9.24,9.573,9.978,11.375,11.944,11.624,11.614,12.154,10.812,11.108,11.243,11.39,11.542,11.7,11.866,12.036,12.214,12.398,12.588,12.781
ETH,meat_consumption_per_capita_3,0.0,0.0,0.0,0.592,0.571,0.552,0.538,0.524,0.518,0.507,0.497,0.64,0.675,0.61,0.556,0.488,0.505,0.503,0.514,0.513,0.577,0.527,0.576,0.574,0.371,0.108,0.113,0.115,0.115,0.112,0.113,0.112,0.111,0.11,0.109,0.108,0.108,0.109,0.109,0.11
GBR,meat_consumption_per_capita_3,15.928,15.444,22.711,17.394,21.82,20.99,26.331,17.531,24.238,24.463,25.445,25.776,25.37,25.259,25.748,26.122,24.965,23.355,22.553,22.785,24.634,24.53,24.64,24.803,24.449,26.49,27.567,27.048,28.434,30.062,30.451,30.502,30.515,30.517,30.541,30.556,30.553,30.553,30.564,30.563
IDN,meat_consumption_per_capita_3,2.468,2.783,2.567,3.222,3.704,3.918,4.178,3.903,2.645,2.642,3.46,3.788,4.461,4.531,4.779,4.468,4.934,5.084,5.166,5.27,5.666,6.051,6.24,6.53,6.8,7.041,7.9,7.666,7.546,7.764,7.903,8.052,8.214,8.375,8.543,8.702,8.862,9.005,9.159,9.317
IND,meat_consumption_per_capita_3,0.396,0.518,0.525,0.579,0.584,0.588,0.593,0.586,0.639,0.689,0.755,0.791,0.91,0.987,1.047,1.107,1.177,1.335,1.409,1.536,1.589,1.768,1.886,1.977,2.085,2.207,2.278,2.327,2.405,2.403,2.517,2.586,2.652,2.721,2.786,2.859,2.934,3.009,3.086,3.162
IRN,meat_consumption_per_capita_3,6.186,6.702,8.556,9.382,9.368,9.567,9.746,10.211,10.294,10.211,11.047,11.633,12.222,14.152,14.802,15.435,16.756,18.381,18.931,19.282,19.836,21.34,21.829,22.289,22.296,22.337,22.695,23.075,23.009,23.226,23.474,23.67,23.873,24.084,24.307,24.537,24.776,25.025,25.281,25.542
ISR,meat_consumption_per_capita_3,34.269,35.91,38.337,39.824,42.227,40.693,40.834,40.475,40.238,41.005,58.851,62.384,63.0,61.234,62.424,63.62,66.077,64.857,63.407,63.265,62.6,62.948,63.36,57.249,61.912,64.756,68.431,66.213,64.771,63.981,64.436,64.913,65.384,65.868,66.345,66.821,67.3,67.78,68.263,68.748
JPN,meat_consumption_per_capita_3,12.612,11.841,12.195,11.953,12.476,12.565,12.973,12.627,11.956,12.009,12.84,13.214,12.816,12.674,12.393,13.152,13.376,13.49,13.329,13.682,14.278,14.212,15.119,15.041,15.285,15.826,16.315,16.897,17.374,17.702,17.734,17.785,17.841,17.904,17.971,18.044,18.122,18.205,18.292,18.382
KAZ,meat_consumption_per_capita_3,0.0,0.0,7.521,6.225,4.405,3.097,3.03,3.172,3.118,2.499,3.132,3.898,4.911,5.561,6.974,8.828,12.059,11.579,10.747,10.297,12.842,13.83,16.977,15.529,14.175,14.482,14.691,16.422,17.393,16.494,16.761,17.039,17.304,17.685,17.993,18.313,18.637,18.964,19.294,19.625
KOR,meat_consumption_per_capita_3,5.567,6.741,7.523,7.815,7.812,8.505,9.088,8.495,7.491,9.254,9.625,10.51,10.856,9.548,8.437,10.845,11.616,11.441,11.364,12.087,13.261,14.198,14.232,14.38,16.085,16.851,17.279,17.157,18.035,18.674,18.742,18.82,18.903,18.989,19.081,19.173,19.267,19.363,19.464,19.567
MEX,meat_consumption_per_capita_3,8.89,10.245,10.833,12.522,13.371,14.55,14.221,16.282,17.693,18.779,19.842,20.633,21.781,22.93,23.435,25.15,25.467,25.536,25.904,25.936,26.388,26.867,27.111,27.329,27.798,28.367,29.062,29.785,30.101,30.534,30.586,30.708,30.819,30.914,31.025,31.135,31.242,31.356,31.473,31.593
MYS,meat_consumption_per_capita_3,18.812,22.39,25.743,28.921,29.979,30.274,29.874,29.518,29.24,29.432,28.063,28.949,30.899,31.023,32.615,33.496,34.999,36.446,37.253,37.645,40.089,40.748,41.891,43.61,46.304,47.259,50.182,48.522,48.796,48.748,49.333,49.725,50.113,50.487,50.879,51.275,51.714,52.163,52.64,53.143
NGA,meat_consumption_per_capita_3,1.608,1.486,1.422,1.413,1.404,1.377,1.351,1.326,1.301,1.283,1.154,1.328,1.33,1.344,1.371,1.386,1.432,1.462,1.522,1.556,1.36,1.071,1.206,0.989,0.981,0.994,0.99,0.929,0.89,0.859,0.842,0.825,0.808,0.792,0.777,0.762,0.747,0.733,0.721,0.71
NOR,meat_consumption_per_capita_3,4.161,4.233,4.739,4.707,5.305,5.976,6.534,6.667,6.219,7.229,8.529,8.434,9.061,9.603,10.524,11.056,11.985,13.276,15.652,15.011,15.251,15.14,16.454,18.444,17.922,15.902,16.848,17.157,17.314,17.741,17.837,17.927,18.012,18.084,18.161,18.234,18.305,18.373,18.443,18.513
NZL,meat_consumption_per_capita_3,14.58,14.887,15.298,16.837,18.304,22.268,21.561,20.901,22.654,23.193,24.555,26.459,28.702,31.078,32.25,33.828,32.135,30.451,30.258,28.3,28.78,29.516,32.517,32.316,33.438,33.715,37.348,38.57,39.619,41.101,40.079,40.043,40.125,40.211,40.302,40.397,40.495,40.598,40.704,40.816
PAK,meat_consumption_per_capita_3,1.313,1.231,1.34,2.03,2.207,2.239,2.513,2.67,1.921,2.046,2.109,2.138,2.189,2.248,2.237,2.224,2.9,3.067,3.257,3.484,3.78,4.005,4.223,4.457,4.785,5.123,5.469,5.819,6.176,6.578,6.621,6.667,6.716,6.769,6.825,6.884,6.947,7.013,7.083,7.156
PER,meat_consumption_per_capita_3,10.044,11.672,12.496,11.622,11.941,13.09,14.095,15.665,16.523,17.38,17.653,17.588,18.655,19.11,18.853,20.953,22.6,24.248,27.244,29.737,31.201,33.26,36.03,36.935,38.206,38.182,40.296,41.705,44.467,45.334,45.957,46.651,47.349,48.061,48.804,49.566,50.343,51.138,51.962,52.829
PHL,meat_consumption_per_capita_3,3.437,3.98,4.159,4.806,4.919,5.293,5.862,6.246,6.109,6.322,6.518,6.929,7.245,7.213,7.338,7.175,7.222,8.058,8.611,8.744,9.324,9.755,10.538,10.824,11.522,12.217,12.541,12.782,13.18,13.487,13.742,14.031,14.319,14.609,14.913,15.224,15.541,15.87,16.21,16.561
PRY,meat_consumption_per_capita_3,5.163,3.788,4.003,4.284,5.838,6.246,6.231,6.473,6.579,7.106,5.79,6.214,6.105,6.112,6.64,6.531,6.968,4.59,5.521,5.33,5.109,5.686,5.782,5.915,5.893,5.828,5.537,5.347,5.298,5.35,5.339,5.334,5.318,5.31,5.295,5.281,5.267,5.251,5.236,5.221
RUS,meat_consumption_per_capita_3,0.0,0.0,8.808,8.631,10.484,10.863,11.553,12.408,11.325,11.312,8.805,12.995,14.163,14.113,14.387,17.008,18.11,20.056,21.373,21.808,21.843,22.714,25.821,26.643,27.761,28.992,28.831,30.442,30.429,30.622,30.816,30.893,31.048,31.192,31.362,31.53,31.704,31.89,32.074,32.266
SAU,meat_consumption_per_capita_3,25.612,27.393,23.984,22.19,20.764,26.575,25.24,27.867,31.019,33.837,34.528,36.777,34.665,34.356,31.443,35.942,33.911,34.954,36.541,38.97,39.701,38.595,37.501,41.568,41.038,42.932,41.542,34.566,35.233,34.93,34.83,34.763,34.712,34.676,34.661,34.658,34.669,34.692,34.726,34.772
THA,meat_consumption_per_capita_3,8.152,10.755,12.93,13.242,12.17,12.018,12.545,12.149,12.86,11.278,10.444,10.422,9.408,9.855,7.969,10.222,9.053,10.104,8.334,8.368,8.266,8.17,9.703,12.653,13.737,10.445,8.883,7.901,8.288,7.825,7.902,7.992,8.082,8.171,8.262,8.354,8.444,8.537,8.631,8.726
TUR,meat_consumption_per_capita_3,6.766,6.648,6.95,7.13,7.296,7.543,6.324,6.934,7.136,8.546,9.268,8.408,9.605,11.779,11.681,12.143,11.486,13.277,13.078,14.938,16.262,16.911,17.195,16.583,17.501,18.207,17.726,19.163,18.623,19.059,19.183,19.496,19.815,20.131,20.433,20.728,21.025,21.307,21.598,21.89
UKR,meat_consumption_per_capita_3,0.0,0.0,8.544,6.237,4.556,4.064,5.372,4.237,4.443,5.208,4.413,6.059,7.243,8.224,12.807,12.522,14.584,16.228,20.438,20.936,21.209,20.029,22.116,21.936,21.244,21.142,20.491,21.062,21.576,22.304,22.693,23.162,23.626,24.065,24.508,24.936,25.362,25.792,26.222,26.649
USA,meat_consumption_per_capita_3,35.072,36.524,37.937,38.599,39.201,39.055,39.808,40.049,40.355,42.8,43.227,43.229,45.262,45.632,46.611,47.288,47.528,46.769,46.611,44.523,45.536,46.52,44.522,44.33,45.05,47.783,48.421,48.901,49.439,50.098,50.963,50.801,50.897,50.902,50.911,50.906,50.902,50.893,50.894,50.882
VNM,meat_consumption_per_capita_3,2.188,2.08,2.172,2.038,2.024,2.051,2.265,3.238,3.362,3.607,4.005,4.18,4.62,4.855,4.504,4.184,4.895,6.288,7.936,9.017,10.864,15.451,12.231,11.999,12.852,15.062,13.502,11.894,15.361,16.208,16.521,16.867,17.219,17.576,17.948,18.334,18.73,19.147,19.579,20.028
ZAF,meat_consumption_per_capita_3,13.028,12.027,11.969,11.937,13.427,14.833,14.57,15.739,14.379,15.625,17.213,18.084,18.777,19.328,19.779,20.962,22.503,24.691,27.014,27.605,28.506,29.843,30.377,32.894,34.106,33.924,33.95,33.371,34.751,34.22,34.5,34.793,35.086,35.368,35.656,35.935,36.212,36.49,36.768,37.044
ARG,meat_consumption_per_capita_4,2.282,2.347,1.894,1.869,2.374,2.233,1.787,1.625,1.421,1.336,1.412,1.397,1.363,1.309,1.26,1.188,1.157,1.177,1.102,1.039,1.032,1.087,1.182,1.152,1.22,1.147,1.012,0.969,0.969,0.97,0.973,0.973,0.974,0.975,0.976,0.977,0.979,0.98,0.982,0.984
AUS,meat_consumption_per_capita_4,19.013,19.415,17.961,17.49,18.505,15.115,14.795,15.063,15.476,15.25,16.368,14.977,13.779,12.153,11.984,11.992,12.37,12.587,10.992,10.334,8.973,8.046,8.723,8.723,8.116,9.346,8.5,7.755,6.982,6.18,5.874,5.912,5.884,6.051,6.077,6.047,5.944,5.818,5.814,5.809
BRA,meat_consumption_per_capita_4,0.676,0.672,0.668,0.689,0.664,0.702,0.553,0.562,0.564,0.584,0.55,0.52,0.498,0.487,0.518,0.521,0.531,0.53,0.533,0.524,0.529,0.527,0.533,0.546,0.547,0.555,0.548,0.532,0.523,0.52,0.521,0.522,0.521,0.52,0.519,0.519,0.519,0.518,0.518,0.519
CAN,meat_consumption_per_capita_4,0.734,0.768,0.745,0.756,0.727,0.717,0.667,0.655,0.733,0.757,0.833,0.915,0.914,0.956,0.977,0.986,1.069,1.073,1.026,1.013,0.953,0.931,0.846,0.877,0.921,0.914,0.929,0.971,1.022,0.978,0.974,0.971,0.968,0.965,0.957,0.948,0.936,0.931,0.922,0.914
CHE,meat_consumption_per_capita_4,1.643,1.608,1.655,1.614,1.577,1.562,1.65,1.707,1.64,1.578,1.765,1.611,1.619,1.633,1.638,1.557,1.5,1.425,1.394,1.34,1.354,1.349,1.292,1.226,1.334,1.309,1.32,1.203,1.192,1.183,1.146,1.142,1.137,1.133,1.13,1.126,1.123,1.12,1.117,1.114
CHL,meat_consumption_per_capita_4,0.814,0.877,0.955,0.902,0.786,0.727,0.708,0.74,0.767,0.769,0.73,0.623,0.612,0.537,0.518,0.491,0.587,0.592,0.652,0.559,0.489,0.537,0.532,0.431,0.476,0.46,0.419,0.429,0.418,0.486,0.484,0.483,0.482,0.481,0.48,0.478,0.476,0.474,0.472,0.47
CHN,meat_consumption_per_capita_4,0.0,0.869,0.91,0.99,1.058,1.238,1.274,1.486,1.627,1.73,1.816,1.832,1.905,2.053,2.189,2.289,2.363,2.486,2.466,2.521,2.595,2.561,2.625,2.742,2.868,2.896,2.995,3.049,3.101,3.235,3.305,3.352,3.402,3.452,3.502,3.553,3.566,3.581,3.598,3.615
COL,meat_consumption_per_capita_4,0.313,0.291,0.305,0.319,0.314,0.312,0.279,0.297,0.272,0.26,0.29,0.279,0.258,0.257,0.249,0.242,0.234,0.229,0.222,0.216,0.208,0.204,0.147,0.136,0.149,0.153,0.141,0.141,0.143,0.142,0.142,0.142,0.141,0.14,0.139,0.139,0.138,0.137,0.137,0.136
EGY,meat_consumption_per_capita_4,1.259,1.105,1.117,1.158,1.234,1.255,1.225,1.248,1.253,1.042,1.586,1.593,1.662,1.664,1.605,1.59,1.595,1.655,1.646,1.552,1.371,1.305,1.313,1.274,1.259,1.202,1.2,1.131,1.107,1.096,1.093,1.089,1.085,1.082,1.078,1.075,1.071,1.067,1.064,1.06
ETH,meat_consumption_per_capita_4,0.0,0.0,0.0,0.996,0.961,0.924,0.901,0.856,0.864,0.836,0.799,0.85,0.991,1.034,1.196,1.255,1.431,1.576,1.462,1.486,1.431,1.352,1.369,1.374,0.919,0.34,0.39,0.469,0.459,0.47,0.469,0.467,0.466,0.465,0.463,0.461,0.46,0.458,0.457,0.456
GBR,meat_consumption_per_capita_4,6.305,6.079,6.018,5.957,5.659,5.716,5.846,5.445,5.66,5.786,5.852,5.085,5.345,5.341,5.514,5.485,5.475,5.587,5.272,4.907,4.342,4.11,3.864,4.072,4.066,4.457,4.302,4.03,3.921,3.935,3.928,3.912,3.9,3.888,3.874,3.861,3.847,3.836,3.826,3.814
IDN,meat_consumption_per_capita_4,0.438,0.452,0.467,0.515,0.454,0.425,0.437,0.468,0.351,0.33,0.328,0.386,0.514,0.578,0.487,0.383,0.54,0.457,0.424,0.474,0.415,0.409,0.392,0.377,0.382,0.383,0.39,0.425,0.429,0.432,0.429,0.429,0.431,0.434,0.436,0.438,0.44,0.442,0.443,0.444
IND,meat_consumption_per_capita_4,0.61,0.606,0.601,0.594,0.585,0.6,0.596,0.594,0.588,0.58,0.567,0.567,0.559,0.545,0.559,0.57,0.581,0.591,0.568,0.518,0.543,0.532,0.518,0.5,0.488,0.477,0.48,0.468,0.464,0.458,0.458,0.459,0.459,0.459,0.459,0.46,0.46,0.461,0.462,0.462
IRN,meat_consumption_per_capita_4,5.517,6.273,6.205,5.827,5.643,5.564,5.865,5.852,6.046,5.398,5.799,5.819,5.821,5.331,5.401,5.398,5.387,5.55,4.208,4.268,4.468,4.444,4.412,4.072,4.127,4.242,3.964,4.055,4.218,4.22,4.184,4.152,4.122,4.094,4.067,4.042,4.019,3.999,3.981,3.965
ISR,meat_consumption_per_capita_4,1.173,1.137,1.098,1.24,1.237,1.271,1.202,1.07,1.16,1.234,1.26,1.219,1.116,1.176,1.165,1.247,1.386,1.383,1.46,1.526,1.617,1.829,1.772,1.631,1.789,1.554,1.442,1.48,1.527,1.517,1.525,1.533,1.541,1.548,1.556,1.564,1.572,1.579,1.587,1.595
JPN,meat_consumption_per_capita_4,0.743,0.759,0.797,0.672,0.563,0.576,0.497,0.438,0.42,0.352,0.32,0.307,0.294,0.252,0.319,0.364,0.367,0.264,0.267,0.27,0.217,0.218,0.188,0.125,0.14,0.127,0.138,0.153,0.17,0.173,0.16,0.158,0.156,0.154,0.151,0.149,0.147,0.145,0.143,0.141
KAZ,meat_consumption_per_capita_4,0.0,0.0,12.436,14.154,13.012,10.541,9.209,8.262,6.833,5.74,5.569,5.679,5.92,5.55,5.814,6.046,6.459,6.87,7.219,7.343,7.657,7.887,7.998,8.035,8.162,8.189,8.267,8.247,8.083,8.186,8.247,8.301,8.355,8.412,8.468,8.523,8.579,8.635,8.691,8.748
KOR,meat_consumption_per_capita_4,0.196,0.16,0.31,0.229,0.279,0.247,0.209,0.183,0.152,0.128,0.106,0.09,0.105,0.101,0.109,0.11,0.105,0.104,0.103,0.095,0.101,0.115,0.118,0.115,0.151,0.189,0.248,0.331,0.324,0.332,0.332,0.332,0.332,0.332,0.332,0.333,0.333,0.334,0.334,0.335
MEX,meat_consumption_per_capita_4,0.469,0.608,0.652,0.661,0.688,0.424,0.414,0.509,0.531,0.603,0.714,0.756,0.761,1.014,0.869,0.714,0.685,0.696,0.681,0.605,0.562,0.535,0.495,0.555,0.548,0.554,0.524,0.529,0.533,0.545,0.544,0.542,0.54,0.539,0.539,0.54,0.54,0.541,0.542,0.543
MYS,meat_consumption_per_capita_4,0.371,0.369,0.437,0.417,0.399,0.524,0.621,0.541,0.533,0.552,0.545,0.622,0.555,0.462,0.544,0.556,0.593,0.647,0.646,0.655,0.765,0.65,0.761,0.89,1.039,1.102,1.063,1.2,1.122,1.044,1.072,1.095,1.119,1.141,1.164,1.185,1.207,1.228,1.25,1.272
NGA,meat_consumption_per_capita_4,1.521,1.535,1.529,1.551,1.718,1.811,1.894,2.089,2.192,2.301,2.421,2.57,2.546,2.513,2.51,2.496,2.504,2.497,2.475,2.469,2.543,2.064,1.787,1.919,1.916,1.912,1.832,1.832,1.775,1.73,1.72,1.709,1.698,1.686,1.675,1.664,1.652,1.639,1.627,1.615
NOR,meat_consumption_per_capita_4,4.829,5.042,5.128,5.188,5.503,5.539,5.555,5.002,4.69,4.508,4.767,4.878,4.929,4.773,5.063,4.998,4.844,4.892,4.927,4.615,4.651,4.454,4.492,4.642,4.541,4.617,4.506,4.695,4.606,4.544,4.477,4.422,4.366,4.309,4.252,4.196,4.14,4.088,4.037,3.986
NZL,meat_consumption_per_capita_4,27.826,29.771,29.918,21.451,38.563,30.028,15.187,26.157,26.385,22.731,25.484,27.061,20.607,24.336,20.494,20.19,19.05,17.335,13.529,6.384,5.909,5.551,5.55,6.144,6.271,5.867,5.518,5.293,4.24,3.596,3.446,3.356,3.291,3.25,3.202,3.139,3.072,3.009,2.949,2.891
PAK,meat_consumption_per_capita_4,3.955,4.125,4.301,4.484,4.68,4.894,3.029,2.959,2.96,2.959,2.946,2.974,2.988,2.987,2.996,3.011,2.201,2.2,2.207,2.194,2.177,2.159,2.151,2.21,2.187,2.178,2.091,2.086,2.058,2.028,2.018,2.009,2.001,1.993,1.986,1.979,1.973,1.968,1.963,1.958
PER,meat_consumption_per_capita_4,1.42,1.155,1.105,1.022,0.966,0.972,0.972,0.999,1.013,1.271,1.277,1.278,1.233,1.25,1.298,1.286,1.28,1.26,1.222,1.202,1.193,1.195,1.213,1.191,1.153,1.096,1.102,1.067,1.054,1.042,1.027,1.02,1.013,1.001,0.993,0.984,0.979,0.968,0.955,0.946
PHL,meat_consumption_per_capita_4,0.386,0.347,0.36,0.378,0.39,0.388,0.378,0.374,0.372,0.388,0.387,0.377,0.369,0.356,0.354,0.374,0.456,0.494,0.523,0.525,0.527,0.52,0.499,0.494,0.494,0.497,0.501,0.512,0.51,0.503,0.506,0.509,0.512,0.516,0.521,0.526,0.531,0.536,0.541,0.546
PRY,meat_consumption_per_capita_4,0.715,0.678,0.643,0.634,0.626,0.58,0.566,0.562,0.586,0.582,0.542,0.529,0.523,0.508,0.565,0.499,0.509,0.485,0.466,0.493,0.509,0.513,0.518,0.517,0.515,0.49,0.514,0.515,0.502,0.495,0.493,0.49,0.488,0.485,0.483,0.48,0.477,0.474,0.472,0.469
RUS,meat_consumption_per_capita_4,0.0,0.0,2.068,2.206,1.882,1.73,1.419,1.293,1.142,0.876,0.854,0.818,0.845,0.829,0.89,0.987,1.042,1.1,1.261,1.172,1.186,1.23,1.218,1.216,1.269,1.251,1.307,1.317,1.291,1.273,1.276,1.273,1.277,1.281,1.286,1.291,1.296,1.301,1.308,1.314
SAU,meat_consumption_per_capita_4,5.667,5.716,5.915,7.515,6.579,7.255,6.976,6.7,6.254,6.344,6.575,5.866,5.785,5.906,5.849,6.184,5.284,5.493,4.697,4.325,4.995,5.378,5.513,5.437,5.656,5.605,4.716,4.659,4.41,4.427,4.387,4.355,4.326,4.297,4.267,4.237,4.208,4.178,4.149,4.12
THA,meat_consumption_per_capita_4,0.021,0.022,0.026,0.02,0.018,0.016,0.012,0.012,0.013,0.013,0.014,0.019,0.018,0.019,0.026,0.028,0.027,0.033,0.032,0.029,0.03,0.035,0.039,0.043,0.043,0.043,0.047,0.043,0.047,0.042,0.043,0.044,0.045,0.046,0.047,0.048,0.049,0.05,0.051,0.052
TUR,meat_consumption_per_capita_4,5.922,5.833,5.687,5.582,4.962,6.146,5.403,5.482,5.341,5.18,5.19,4.806,4.492,4.155,4.176,4.083,4.033,4.083,4.0,3.696,3.341,3.541,3.801,4.079,4.333,4.554,4.504,4.376,4.308,4.264,4.231,4.209,4.202,4.201,4.199,4.193,4.186,4.176,4.166,4.156
UKR,meat_consumption_per_capita_4,0.0,0.0,0.599,0.514,0.734,0.66,0.543,0.416,0.364,0.337,0.303,0.277,0.301,0.303,0.307,0.304,0.276,0.29,0.326,0.341,0.406,0.379,0.383,0.365,0.283,0.27,0.265,0.269,0.276,0.277,0.28,0.282,0.284,0.286,0.288,0.29,0.292,0.294,0.296,0.298
USA,meat_consumption_per_capita_4,0.63,0.622,0.603,0.586,0.527,0.521,0.496,0.488,0.522,0.513,0.502,0.516,0.529,0.506,0.509,0.481,0.477,0.511,0.451,0.441,0.409,0.378,0.381,0.408,0.437,0.454,0.452,0.48,0.509,0.443,0.431,0.429,0.432,0.431,0.431,0.432,0.431,0.432,0.432,0.432
VNM,meat_consumption_per_capita_4,0.036,0.03,0.029,0.032,0.038,0.049,0.054,0.053,0.053,0.052,0.053,0.053,0.058,0.065,0.083,0.097,0.11,0.119,0.099,0.096,0.092,0.087,0.079,0.089,0.108,0.125,0.123,0.159,0.164,0.163,0.167,0.171,0.175,0.179,0.183,0.187,0.191,0.195,0.199,0.203
ZAF,meat_consumption_per_capita_4,3.947,3.87,3.991,3.6,4.193,3.257,3.37,3.288,3.196,3.638,3.157,2.783,2.723,2.656,3.045,3.009,3.185,3.671,3.466,3.199,2.986,2.752,2.855,3.154,3.273,2.999,2.957,2.68,2.631,2.59,2.586,2.578,2.574,2.569,2.566,2.562,2.559,2.556,2.554,2.553
